bbl,15,16,17,18,19,cd,address,xcoord,ycoord
1000090007,M1,M1,M1,M1,M1,101.0,7 STATE STREET,980457.0,195256.0
1000410022,M1,M1,M1,M1,M1,101.0,56 WILLIAM STREET,981832.0,196858.0
1000490001,M1,M1,M1,M1,M1,101.0,75 BROADWAY,980907.0,197274.0
1000540001,V1,Z9,M1,O2,O2,101.0,130 GREENWICH STREET,980538.0,197809.0
1000670030,M1,M1,M1,M1,M1,101.0,44 JOHN STREET,981991.0,197619.0
1000870001,Z8,Z8,Z8,M1,M1,101.0,209 BROADWAY,981594.0,198484.0
1000880004,M3,M3,M3,M3,M3,101.0,18 VESEY STREET,981651.0,198673.0
1000880011,M1,M1,M1,M1,M1,101.0,22 BARCLAY STREET,981601.0,198810.0
1000930029,M1,M1,M1,M1,M1,101.0,47 BEEKMAN STREET,982727.0,197938.0
1001060020,M9,M9,M9,M9,M9,101.0,334 PEARL STREET,983807.0,197625.0
1001580001,M1,M1,M1,M1,M1,101.0,27 DUANE STREET,983503.0,199150.0
1001580009,M3,M3,M3,M3,M3,101.0,20 CARDINAL HAYES PLACE,983580.0,199165.0
1001620024,M1,M1,M1,M1,M1,103.0,21 PELL STREET,984740.0,199674.0
1001640037,M1,M1,M1,M1,M1,103.0,23 MOTT STREET,984504.0,199663.0
1001640044,M1,M1,M1,M1,M1,103.0,105 MOSCO STREET,984468.0,199538.0
1001750022,M1,M1,M1,M1,M1,101.0,47 WHITE STREET,983077.0,200985.0
1001910016,M1,M1,M1,M1,M1,101.0,245 WEST BROADWAY,982704.0,201469.0
1001950021,M2,M2,M2,M2,M2,101.0,92 LAFAYETTE STREET,983802.0,200695.0
1001960028,M2,M2,M2,M2,M2,101.0,82 WALKER STREET,983841.0,200999.0
1002010028,M9,M9,M9,M9,M9,103.0,5 ELIZABETH STREET,984877.0,200026.0
1002060001,M1,M1,M1,M1,M1,102.0,113 BAXTER STREET,984560.0,200779.0
1002060024,M1,M1,M1,M1,M1,102.0,109 MULBERRY STREET,984638.0,200702.0
1002080021,M9,M9,M9,M9,M9,102.0,245 CANAL STREET,984223.0,201041.0
1002350008,M1,M1,M1,M1,M1,102.0,214 CENTRE STREET,984623.0,201277.0
1002670019,M3,M3,M3,M3,M3,103.0,333 MADISON STREET,988928.0,199280.0
1002710055,M1,M1,M1,M1,M1,103.0,158 HENRY STREET,987169.0,199120.0
1002710057,M1,M1,M1,M1,M1,103.0,152 HENRY STREET,987121.0,199115.0
1002730016,M9,M9,M9,M9,M9,103.0,189 MADISON STREET,986811.0,198978.0
1002730018,M2,M2,M2,M2,M2,103.0,193 MADISON STREET,986859.0,198983.0
1002730030,M9,M9,M9,M9,M9,103.0,138 HENRY STREET,986847.0,199085.0
1002730031,M9,M9,M9,M9,M9,103.0,136 HENRY STREET,986823.0,199083.0
1002760002,M1,M1,M1,M1,M3,103.0,5 MONROE STREET,985275.0,198545.0
1002760037,W9,W9,W9,W9,M1,103.0,104 MADISON STREET,985543.0,198680.0
1002760059,M1,M1,M1,M1,M1,103.0,53 CATHERINE STREET,985212.0,198525.0
1002770005,M1,M1,M1,M1,M1,103.0,83 MADISON STREET,985335.0,198816.0
1002770012,M1,M1,M1,M1,M1,103.0,97 MADISON STREET,985501.0,198835.0
1002770015,M1,M1,M1,M1,M1,103.0,103 MADISON STREET,985576.0,198843.0
1002770056,M1,M1,M1,M1,M1,103.0,39 CATHERINE STREET,985161.0,198770.0
1002790008,M1,M1,M1,M4,M4,103.0,21 OLIVER STREET,984762.0,198834.0
1002790024,M2,M2,M2,M9,M9,103.0,30 JAMES STREET,984660.0,198821.0
1002790025,M1,M1,M1,M1,M1,103.0,32 JAMES STREET,984662.0,198760.0
1002790062,M9,M9,M9,M9,M9,103.0,7 EAST BROADWAY,984907.0,199118.0
1002790068,M2,M2,M2,M2,M2,103.0,2 OLIVER STREET,984841.0,199082.0
1002790069,M1,M1,M1,M1,M1,103.0,12 OLIVER STREET,984881.0,199029.0
1002800022,M1,M1,M1,M1,M1,103.0,15 MARKET STREET,985690.0,199119.0
1002810022,M9,M9,M9,M9,M9,103.0,48 EAST BROADWAY,985421.0,199330.0
1002820078,M9,M9,M9,M9,M9,103.0,83 DIVISION STREET,986022.0,199463.0
1002830016,M1,M1,M1,M1,M1,103.0,139 HENRY STREET,986809.0,199235.0
1002830017,M2,M2,M2,M2,M2,103.0,141 HENRY STREET,986833.0,199246.0
1002830018,M1,M1,M1,M1,M1,103.0,143 HENRY STREET,986898.0,199237.0
1002830031,M1,M1,M1,M1,M1,103.0,147 EAST BROADWAY,986711.0,199321.0
1002840022,M9,M9,M9,M9,M9,103.0,177 EAST BROADWAY,987192.0,199362.0
1002850008,M9,M9,V1,D7,D7,103.0,193 HENRY STREET,987613.0,199322.0
1002850021,M1,M1,M1,M1,M1,103.0,209 EAST BROADWAY,987640.0,199416.0
1002850024,M9,M9,M9,D7,D7,103.0,203 EAST BROADWAY,987577.0,199409.0
1002850025,M9,M9,M9,D7,D7,103.0,201 EAST BROADWAY,987553.0,199407.0
1002860031,M9,M9,M9,M9,M9,103.0,239 EAST BROADWAY,988058.0,199463.0
1002860032,M1,M1,M1,M1,M1,103.0,237 EAST BROADWAY,988034.0,199460.0
1002860033,M9,M9,M9,P5,P5,103.0,235 EAST BROADWAY,988010.0,199458.0
1002860034,M9,M9,M9,M9,M9,103.0,233 EAST BROADWAY,987986.0,199455.0
1002880028,M1,M1,M1,M1,M1,103.0,317 HENRY STREET,989246.0,199516.0
1002880048,M9,M9,M9,M9,M9,103.0,311 EAST BROADWAY,989106.0,199582.0
1002880063,M2,M2,M2,M2,M2,103.0,283 EAST BROADWAY,988587.0,199525.0
1002920008,M1,M1,M1,M1,M1,103.0,27 FORSYTH STREET,985855.0,199811.0
1002930003,M1,M1,M1,M1,M1,103.0,12 ELDRIDGE STREET,986061.0,199672.0
1002930007,M2,M2,M2,M1,M1,103.0,20 ELDRIDGE STREET,986086.0,199734.0
1002990035,K4,K4,K4,M9,M9,103.0,61 CANAL STREET,986436.0,199845.0
1003000012,M9,M9,M9,M9,M9,103.0,58 ELDRIDGE STREET,986264.0,200216.0
1003030024,M1,M1,M1,M1,M1,103.0,65 CHRYSTIE STREET,985683.0,200409.0
1003030039,M9,M9,M9,M9,M9,103.0,133 CANAL STREET,985549.0,200238.0
1003060003,M1,M1,M1,M1,M1,103.0,66 FORSYTH STREET,986091.0,200462.0
1003060030,M1,M1,M1,M1,M1,103.0,77 ELDRIDGE STREET,986238.0,200510.0
1003080023,M9,M9,M9,M9,M9,103.0,49 ORCHARD STREET,986654.0,200319.0
1003230073,M1,M1,M1,M1,M1,103.0,286 DELANCEY STREET,989944.0,200707.0
1003330010,M1,M1,M1,M1,M1,103.0,262 DELANCEY STREET,989623.0,200418.0
1003360017,M1,M1,M1,M1,M1,103.0,7 BIALYSTOKER PLACE,988876.0,199971.0
1003410026,M1,M1,M1,M1,M1,103.0,440 GRAND STREET,988344.0,200090.0
1003440056,M3,M3,M3,M3,M3,103.0,213 STANTON STREET,989123.0,201367.0
1003440060,M1,M1,M1,M1,M1,103.0,99 PITT STREET,989056.0,201343.0
1003450006,M9,M9,M9,M1,M1,103.0,162 ATTORNEY STREET,988939.0,201777.0
1003460037,M1,M1,M1,M1,M1,103.0,60 NORFOLK STREET,987639.0,200509.0
1003500048,M1,M1,M1,M1,M1,103.0,10 CLINTON STREET,988727.0,201927.0
1003500078,M1,M1,M1,M1,M1,103.0,180 STANTON STREET,988722.0,201687.0
1003550041,M1,M1,M1,M1,M1,103.0,172 NORFOLK STREET,988222.0,202008.0
1003730057,M1,M1,M1,M1,M1,103.0,297 EAST 3 STREET,989948.0,202111.0
1003730061,M1,M1,M1,M1,M1,103.0,289 EAST 3 STREET,989871.0,202154.0
1003740047,M1,M1,M1,M1,M1,103.0,345 EAST 4 STREET,990251.0,202230.0
1003750029,M3,M3,M3,M3,M3,103.0,740 EAST 6 STREET,990378.0,202565.0
1003760044,M1,M1,M1,M1,M1,103.0,725 EAST 6 STREET,990419.0,202715.0
1003760063,M1,M1,M1,M1,M1,103.0,701 EAST 6 STREET,990116.0,202870.0
1003770064,M1,M1,M1,M1,M1,103.0,247 EAST 7 STREET,990351.0,203033.0
1003780043,M1,M1,M1,M1,M1,103.0,393 EAST 8 STREET,990762.0,203095.0
1003820022,M1,M1,M1,M1,M1,103.0,181 AVENUE D,991278.0,204028.0
1003850030,M1,M1,M1,M1,M1,103.0,250 EAST 3 STREET,989453.0,202208.0
1003860014,M1,M1,M1,M1,M1,103.0,256 EAST 4 STREET,989239.0,202618.0
1003870035,M9,M9,M9,M9,M9,103.0,65 AVENUE C,989747.0,202595.0
1003870042,M1,M1,M1,M1,M1,103.0,289 EAST 4 STREET,989637.0,202574.0
1003870127,M1,M1,M1,M1,M1,103.0,636 EAST 6 STREET,989704.0,202938.0
1003900005,M1,M1,M1,M1,M1,103.0,121 AVENUE B,989650.0,203515.0
1003900052,M1,M1,M1,M1,M1,103.0,207 EAST 7 STREET,989811.0,203332.0
1003900058,M1,M1,M1,M1,M1,103.0,195 EAST 7 STREET,989709.0,203373.0
1003900105,M3,M3,M3,M3,M3,103.0,119 AVENUE B,989582.0,203528.0
1003910007,M3,M3,M3,M3,M3,103.0,602 EAST 9 STREET,989741.0,203794.0
1003920004,M1,M1,M1,M1,M1,103.0,149 AVENUE B,989820.0,203939.0
1003990011,M9,M9,M9,M9,M9,103.0,206 EAST 4 STREET,988639.0,202911.0
1003990051,M3,M3,M3,M3,M3,103.0,173 EAST 3 STREET,988661.0,202858.0
1004040002,M9,M9,M9,M9,M9,103.0,168 AVENUE A,989325.0,204562.0
1004050039,M1,M1,M1,M1,M1,103.0,545 EAST 11 STREET,989856.0,204451.0
1004050041,M3,M3,M3,M3,M3,103.0,543 EAST 11 STREET,989830.0,204466.0
1004060029,M1,M1,M1,M1,M1,103.0,548 EAST 13 STREET,990069.0,204775.0
1004140027,M1,M1,M1,M1,M1,103.0,280 BROOME STREET,986696.0,201077.0
1004150003,M1,M1,M1,M1,M1,103.0,158 ELDRIDGE STREET,986821.0,201497.0
1004150007,M1,M1,M1,M1,M1,103.0,166 ELDRIDGE STREET,986811.0,201588.0
1004150010,M1,M1,M1,M1,M1,103.0,172 ELDRIDGE STREET,986834.0,201647.0
1004150020,M1,M1,M1,M1,M1,103.0,61 RIVINGTON STREET,986927.0,201765.0
1004150027,M1,M1,M1,M1,M1,103.0,135 ALLEN STREET,986940.0,201672.0
1004190049,M9,M9,M9,M9,M9,103.0,43 DELANCEY STREET,986465.0,201377.0
1004230027,M9,M9,M9,M9,M9,103.0,248 GRAND STREET,985908.0,201013.0
1004260008,M2,M2,M2,M2,M2,103.0,227 BOWERY,986234.0,202311.0
1004260009,M9,M9,M9,M9,M9,103.0,229 BOWERY,986242.0,202336.0
1004350042,M1,M1,M1,M1,M1,103.0,121 EAST 7 STREET,988631.0,203985.0
1004350048,M4,M4,M4,M4,M4,103.0,109 EAST 7 STREET,988520.0,204045.0
1004350049,M1,M1,M1,M1,M1,103.0,107 EAST 7 STREET,988486.0,204065.0
1004350052,M3,M3,M3,M3,M3,103.0,101 EAST 7 STREET,988452.0,204084.0
1004370025,M1,M1,M1,M1,M1,103.0,155 AVENUE A,989065.0,204447.0
1004380049,M1,M1,M1,M1,M1,103.0,257 EAST 10 STREET,988822.0,204733.0
1004390001,M9,M9,M9,M9,M9,103.0,182 1 AVENUE,988790.0,204999.0
1004400044,M4,M4,M4,M4,M4,103.0,429 EAST 12 STREET,989216.0,205089.0
1004410010,M1,M1,M1,M1,M1,103.0,406 EAST 14 STREET,989188.0,205478.0
1004410012,M3,M3,M3,M3,M3,103.0,414 EAST 14 STREET,989247.0,205540.0
1004430016,M1,M1,M1,M1,M1,103.0,59 EAST 2 STREET,987160.0,203156.0
1004430033,M9,M9,M9,M9,M9,103.0,25 1 AVENUE,987439.0,202969.0
1004440003,M3,M3,M3,M3,M3,103.0,42 2 AVENUE,987047.0,203430.0
1004440005,M1,M1,M1,M1,M1,103.0,46 2 AVENUE,987086.0,203475.0
1004450002,M2,M2,M2,M2,M2,103.0,56 2 AVENUE,987157.0,203646.0
1004460003,M1,M1,M1,M1,M1,103.0,76 2 AVENUE,987309.0,203878.0
1004480005,M1,M1,M1,M1,M1,103.0,112 2 AVENUE,987600.0,204376.0
1004480009,M3,M3,M3,M3,M3,103.0,50 EAST 7 STREET,987669.0,204346.0
1004480042,M1,M1,M1,M1,M1,103.0,323 EAST 6 STREET,987800.0,204166.0
1004490013,M3,M3,M3,M3,M3,103.0,48 ST MARKS PLACE,987835.0,204540.0
1004490020,M1,M1,M1,M1,M1,103.0,62 ST MARKS PLACE,987988.0,204453.0
1004540040,M1,M1,M1,M1,M1,103.0,207 1 AVENUE,988800.0,205413.0
1004550024,M1,M1,M1,M1,M1,103.0,336 EAST 14 STREET,988773.0,205782.0
1004600023,M1,M1,M1,M1,M1,103.0,224 EAST 5 STREET,986971.0,204165.0
1004620007,M1,M1,M1,M1,M1,103.0,6 TARAS SHEVCHENKO PL,987096.0,204653.0
1004630001,M1,M1,M1,M1,M1,103.0,61 COOPER SQUARE,987020.0,204847.0
1004660012,M1,M1,M1,M1,M1,103.0,206 EAST 11 STREET,987540.0,205554.0
1004660025,M3,M3,M3,M3,M3,103.0,232 EAST 11 STREET,987760.0,205436.0
1004660026,M1,M1,M1,M1,M1,103.0,165 2 AVENUE,987828.0,205351.0
1004700013,M1,M1,M1,M1,M1,102.0,359 BROOME STREET,985463.0,201486.0
1004720015,M1,M1,M1,K4,K4,102.0,253 CENTRE STREET,984788.0,201825.0
1004800040,M1,M1,M1,M1,M1,102.0,378 BROOME STREET,985274.0,201793.0
1005040025,M4,M4,M4,M4,M4,102.0,190 PRINCE STREET,983520.0,203933.0
1005090001,M1,M1,M1,M1,M1,102.0,256 MULBERRY STREET,985605.0,202925.0
1005100021,M3,M3,M3,M3,M3,102.0,263 MULBERRY STREET,985432.0,202990.0
1005170011,M1,M1,M1,M1,M1,102.0,155 SULLIVAN STREET,983892.0,204223.0
1005170024,M9,M9,M9,M9,M9,102.0,149 THOMPSON STREET,983972.0,204170.0
1005170026,M3,M3,M3,M3,M3,102.0,147 THOMPSON STREET,983920.0,204144.0
1005170037,M2,M2,M2,M2,M2,102.0,171 PRINCE STREET,983800.0,203933.0
1005170126,M1,M1,M1,M1,M1,102.0,145 THOMPSON STREET,983895.0,204101.0
1005180031,M3,M3,M3,M3,M3,102.0,154 SULLIVAN STREET,983729.0,204304.0
1005210043,M2,M2,M2,M2,M2,102.0,18 BLEECKER STREET,986092.0,203535.0
1005410023,M1,M1,M1,M1,M1,102.0,55 WASHINGTON SQUARE S,984689.0,205311.0
1005570001,M1,M1,M1,M1,M1,102.0,788 BROADWAY,986787.0,205945.0
1005570008,M3,M3,M3,M3,M3,102.0,804 BROADWAY,986773.0,206070.0
1005590036,M1,K4,K4,K4,K4,103.0,114 3 AVENUE,987659.0,206355.0
1005630049,M1,M1,M1,M1,M1,102.0,53 EAST 11 STREET,986309.0,206422.0
1005640032,M1,M1,M1,M1,M1,102.0,33 EAST 12 STREET,986405.0,206654.0
1005690038,M1,M1,M1,M1,M1,102.0,11 EAST 11 STREET,985823.0,206685.0
1005740038,M3,M3,M3,M3,M3,102.0,12 WEST 11 STREET,985420.0,206730.0
1005740044,M1,M1,M1,M1,M1,102.0,36 5 AVENUE,985436.0,206607.0
1005740048,M3,M3,M3,M3,M3,102.0,7 WEST 10 STREET,985371.0,206645.0
1005750048,M1,M1,M1,M1,M1,102.0,12 WEST 12 STREET,985575.0,206892.0
1005780064,M3,A4,A4,A4,A4,102.0,32 DOMINICK STREET,982417.0,203375.0
1005780075,M1,V1,D6,D6,D6,,570 BROOME STREET,,
1005860020,M1,M1,M1,M1,M1,102.0,240 BLEECKER STREET,983445.0,205441.0
1005860030,M9,M9,M9,M9,M9,102.0,27 CARMINE STREET,983402.0,205378.0
1005900007,M1,M1,M1,M1,M1,102.0,269 BLEECKER STREET,983442.0,205785.0
1005920063,M4,M4,M4,M4,M4,102.0,138 WAVERLY PLACE,984053.0,206324.0
1005920071,M1,M1,M1,M1,M1,102.0,365 AVENUE OF THE AMER,984056.0,206186.0
1006050031,M1,M1,M1,M1,M1,102.0,487 HUDSON STREET,982306.0,206190.0
1006050033,M1,M1,M1,M1,M1,102.0,483 HUDSON STREET,982337.0,206102.0
1006050038,M3,M3,M3,M3,M3,102.0,477 HUDSON STREET,982292.0,206016.0
1006100075,M2,M2,M2,A4,A4,102.0,27 CHRISTOPHER STREET,983952.0,206703.0
1006130017,M1,M1,M1,M1,M1,102.0,232 WEST 11 STREET,983493.0,207449.0
1006130023,M9,M9,M9,M9,M9,102.0,224 WEST 11 STREET,983658.0,207475.0
1006190078,M1,M1,M1,M1,M1,102.0,81 CHRISTOPHER STREET,983241.0,206582.0
1006190080,M9,M9,M9,M9,M9,102.0,83 CHRISTOPHER STREET,983208.0,206556.0
1006210062,M1,M1,M1,M1,M1,102.0,53 CHARLES STREET,983311.0,207071.0
1006290018,M1,M1,M1,M1,M1,102.0,330 WEST 14 STREET,983071.0,208923.0
1006290021,M3,M3,M3,M3,M3,102.0,328 WEST 14 STREET,983119.0,208914.0
1006290022,M3,M3,M3,M3,M3,102.0,326 WEST 14 STREET,983142.0,208901.0
1006300005,M3,M3,M3,M3,M3,102.0,657 WASHINGTON STREET,981931.0,206355.0
1006300026,M1,M1,M1,M1,M1,102.0,149 CHRISTOPHER STREET,982015.0,206329.0
1006330050,M9,M9,M9,M9,M9,102.0,306 WEST 11 STREET,982489.0,207268.0
1006910041,M1,M1,M1,M1,M1,104.0,512 WEST 20 STREET,982453.0,211056.0
1006930031,M1,M1,M1,M1,M1,104.0,185 10 AVENUE,982775.0,211309.0
1007000053,M1,M1,V1,D3,D3,104.0,534 WEST 29 STREET,983344.0,213240.0
1007170060,M9,M9,M9,M9,M9,104.0,430 WEST 20 STREET,983020.0,210691.0
1007310054,M1,M1,M1,M1,M1,104.0,414 WEST 34 STREET,984926.0,213751.0
1007310058,M3,M3,M3,M3,M3,104.0,424 WEST 34 STREET,984965.0,213834.0
1007330062,M9,M9,M9,M9,M9,104.0,446 WEST 36 STREET,984937.0,214465.0
1007370042,M2,M2,M2,M2,M2,104.0,406 WEST 40 STREET,985862.0,215152.0
1007370043,M2,M2,M2,M2,M2,104.0,408 WEST 40 STREET,985822.0,215146.0
1007430070,M3,M3,M3,M3,M3,104.0,336 WEST 20 STREET,983771.0,210313.0
1007430072,M3,M3,M3,M3,M3,104.0,346 WEST 20 STREET,983695.0,210355.0
1007460028,M1,M1,M1,M1,M1,104.0,315 WEST 22 STREET,984350.0,210757.0
1007460059,M9,M9,M9,M9,M9,104.0,330 WEST 23 STREET,984305.0,210900.0
1007460060,M9,M9,M9,M9,M9,104.0,334 WEST 23 STREET,984273.0,210917.0
1007480005,M1,M1,M1,M1,M1,104.0,359 WEST 24 STREET,984215.0,211461.0
1007490015,M3,M3,M3,M3,M3,104.0,343 WEST 25 STREET,984480.0,211608.0
1007490017,M1,M1,M1,M1,M1,104.0,341 WEST 25 STREET,984557.0,211566.0
1007490023,M1,M1,M1,M1,M1,104.0,329 WEST 25 STREET,984625.0,211529.0
1007490069,M1,M1,M1,M1,M1,104.0,348 WEST 26 STREET,984489.0,211723.0
1007510076,M1,M1,M1,M1,M1,104.0,298 9 AVENUE,984577.0,212256.0
1007580014,M1,M1,M1,M1,M1,104.0,347 WEST 34 STREET,985564.0,213705.0
1007640010,M4,M4,M4,V1,D1,104.0,251 WEST 14 STREET,983808.0,208756.0
1007640022,M1,M1,M1,M1,M1,104.0,231 WEST 14 STREET,984006.0,208657.0
1007640023,M1,M1,M1,M1,M1,104.0,229 WEST 14 STREET,984028.0,208644.0
1007720066,M1,M1,M1,M1,M1,104.0,238 WEST 23 STREET,985015.0,210503.0
1007740014,M1,M1,M1,M1,M1,104.0,243 WEST 24 STREET,985120.0,210959.0
1007780055,M1,M1,M1,M1,M1,105.0,228 WEST 29 STREET,985805.0,211872.0
1007800026,M1,M1,M1,M1,M1,105.0,209 WEST 30 STREET,986193.0,212154.0
1007800045,M9,M9,M9,M9,M9,105.0,204 WEST 31 STREET,986226.0,212241.0
1008000005,M1,M1,M1,M1,M1,104.0,253 7 AVENUE,985734.0,210693.0
1008070017,M3,M3,M3,M3,M3,105.0,143 WEST 31 STREET,986805.0,212106.0
1008070018,M1,M1,M1,M1,M1,105.0,137 WEST 31 STREET,986863.0,212101.0
1008070022,M4,M4,M4,M4,M4,105.0,133 WEST 31 STREET,986896.0,212036.0
1008070065,M3,M3,M3,M3,M3,105.0,144 WEST 32 STREET,986899.0,212183.0
1008120062,M1,M1,M1,M1,M1,105.0,126 WEST 37 STREET,987539.0,213304.0
1008120161,M3,M3,M3,M3,M3,105.0,128 WEST 37 STREET,987500.0,213336.0
1008140036,M1,M1,M1,M1,M1,105.0,1025 AVENUE OF THE AMER,988111.0,213475.0
1008170080,M1,M1,M1,M1,M1,105.0,46 WEST 16 STREET,985558.0,208165.0
1008180024,M9,M9,M9,M9,M9,105.0,19 WEST 16 STREET,985894.0,208206.0
1008180056,M9,M9,M9,V1,V1,105.0,8 WEST 17 STREET,986151.0,208175.0
1008270022,M1,M1,M1,M1,M1,105.0,13 WEST 25 STREET,987068.0,210237.0
1008310033,M1,M1,M1,M1,M1,105.0,270 5 AVENUE,987826.0,210939.0
1008410057,M1,M1,M1,M1,M1,105.0,12 WEST 40 STREET,989009.0,213386.0
1008430008,M4,M4,M4,M9,M9,105.0,7 EAST 15 STREET,986380.0,207639.0
1008590005,M3,M3,M3,M3,M3,105.0,1 EAST 29 STREET,988073.0,210798.0
1008590006,M1,M1,M1,M1,M1,105.0,3 EAST 29 STREET,988155.0,210755.0
1008600057,M3,V1,V1,D3,D8,105.0,30 EAST 31 STREET,988691.0,210867.0
1008640047,M1,M1,M1,M1,M1,106.0,34 EAST 35 STREET,989359.0,211724.0
1008640050,M9,M9,M9,M9,M9,106.0,28 EAST 35 STREET,989270.0,211772.0
1008640051,M9,M9,M9,M9,M9,106.0,26 EAST 35 STREET,989252.0,211782.0
1008650018,M3,M3,M3,M3,M3,106.0,209 MADISON AVENUE,989231.0,212013.0
1008650019,M2,M2,M2,M2,M2,106.0,207 MADISON AVENUE,989241.0,211957.0
1008690026,M2,M2,M2,M2,M2,106.0,25 EAST 39 STREET,989796.0,212834.0
1008710025,M9,M9,M9,M9,M9,106.0,14 IRVING PLACE,987586.0,206937.0
1008730032,M1,M1,M1,M1,M1,106.0,143 EAST 17 STREET,988082.0,207275.0
1008750053,M1,M1,M1,M1,M1,106.0,28 GRAMERCY PARK SOUTH,988304.0,207812.0
1008770001,M1,M1,M1,M1,M1,106.0,277 PARK AVENUE SOUTH,987925.0,208487.0
1008770089,M9,M9,M9,M9,O5,105.0,281 PARK AVENUE SOUTH,987931.0,208604.0
1008780032,M1,M1,M1,M1,M1,106.0,151 EAST 22 STREET,988674.0,208360.0
1008780034,M3,M3,M3,M3,M3,106.0,155 EAST 22 STREET,988704.0,208343.0
1008830064,M4,M4,S5,S5,S5,106.0,134 EAST 28 STREET,989189.0,209724.0
1008840030,M1,M1,M1,M1,M1,106.0,141 EAST 28 STREET,989403.0,209817.0
1008840054,M3,M3,M3,M3,M3,106.0,142 EAST 29 STREET,989359.0,209910.0
1008850032,M1,M1,M1,M1,M1,106.0,135 EAST 29 STREET,989425.0,210051.0
1008850071,M1,M1,M1,M1,M1,105.0,154 LEXINGTON AVENUE,989267.0,210283.0
1008860011,M9,M9,M9,M9,M9,105.0,113 EAST 30 STREET,989131.0,210506.0
1008860074,M2,M2,M2,M2,M2,105.0,124 EAST 31 STREET,989314.0,210523.0
1008890053,M1,M1,M1,M1,M1,106.0,152 EAST 34 STREET,990052.0,211000.0
1008900025,M9,M9,M9,M9,M9,106.0,243 LEXINGTON AVENUE,990005.0,211235.0
1008900052,M3,M3,M3,M3,M3,106.0,160 EAST 35 STREET,990269.0,211211.0
1008900077,M1,M1,M1,M1,M1,106.0,124 EAST 35 STREET,989768.0,211496.0
1008910036,M1,M1,M1,M1,M1,106.0,159 EAST 35 STREET,990323.0,211366.0
1008920011,M9,M9,M9,M9,M9,106.0,119 EAST 36 STREET,989999.0,211840.0
1008920032,M9,M9,M9,M9,M9,106.0,151 EAST 36 STREET,990425.0,211603.0
1008930092,M1,M1,M1,M1,M1,106.0,59 PARK AVENUE,990002.0,212249.0
1008940060,M3,M3,M3,M3,M3,106.0,138 EAST 39 STREET,990614.0,212203.0
1008950010,M9,M9,M9,M9,M9,106.0,109 EAST 39 STREET,990298.0,212557.0
1008950015,M9,M9,M9,M9,M9,106.0,121 EAST 39 STREET,990386.0,212508.0
1008960026,M1,M1,M1,M1,M1,106.0,244 EAST 15 STREET,988449.0,206310.0
1008960030,M4,M4,M4,M4,M4,106.0,238 EAST 15 STREET,988351.0,206365.0
1008960038,M1,M1,M1,M1,M1,106.0,220 EAST 15 STREET,988192.0,206453.0
1008970053,M1,M1,M1,M1,M1,106.0,7 RUTHERFORD PLACE,988406.0,206821.0
1008970060,M1,M1,M1,M1,M1,106.0,4 RUTHERFORD PLACE,988473.0,206855.0
1008980025,I9,I9,M1,M1,M1,106.0,245 EAST 17 STREET,988715.0,206927.0
1008980046,M9,M9,M9,M9,M9,106.0,218 EAST 18 STREET,988542.0,207130.0
1009020013,M9,M9,M9,M9,M9,106.0,217 EAST 21 STREET,988956.0,207911.0
1009020024,M3,M3,M3,M3,M3,106.0,237 EAST 21 STREET,989158.0,207778.0
1009020031,M1,M1,M1,M1,M1,106.0,373 2 AVENUE,989228.0,207859.0
1009060013,Z9,Z9,Z9,Z9,M1,106.0,223 EAST 25 STREET,989521.0,208821.0
1009070040,M1,M1,M1,M1,M1,106.0,234 EAST 27 STREET,989836.0,209057.0
1009080015,M1,M1,M1,M1,M1,106.0,221 EAST 27 STREET,989758.0,209278.0
1009090050,M9,M9,M9,M9,M9,106.0,208 EAST 29 STREET,989825.0,209651.0
1009110044,M1,M1,M1,M1,M1,106.0,238 EAST 31 STREET,990316.0,209965.0
1009110045,M3,M3,M3,M3,M3,106.0,236 EAST 31 STREET,990283.0,209986.0
1009230022,M4,M4,M4,M4,M4,106.0,335 EAST 17 STREET,989258.0,206624.0
1009240058,M9,M9,M9,M9,M9,106.0,314 EAST 19 STREET,989186.0,207051.0
1009250046,M9,M9,M9,M9,M9,106.0,342 EAST 20 STREET,989591.0,207106.0
1009250050,M3,M3,M3,M3,M3,106.0,334 EAST 20 STREET,989521.0,207145.0
1009250051,M1,M1,M1,M1,M1,106.0,332 EAST 20 STREET,989494.0,207160.0
1009390017,M4,M4,M4,M4,M4,106.0,325 EAST 33 STREET,991153.0,210272.0
1009400001,M1,M1,M1,M1,M1,106.0,622 2 AVENUE,991107.0,210694.0
1009990012,M1,M1,M1,M1,M1,105.0,143 WEST 46 STREET,988792.0,215564.0
1010120029,M1,M1,V1,V1,H2,105.0,205 WEST 40 STREET,987540.0,214369.0
1010180013,M1,M1,M1,M1,M1,105.0,227 WEST 46 STREET,987969.0,215967.0
1010210007,M1,M1,M1,M1,M1,105.0,241 WEST 49 STREET,988200.0,216739.0
1010210009,M3,M3,M3,M3,M3,105.0,239 WEST 49 STREET,988233.0,216707.0
1010230011,M1,M1,M1,M1,M1,105.0,217 WEST 51 STREET,988588.0,217125.0
1010300024,M9,M9,M9,M9,M9,105.0,213 WEST 58 STREET,989725.0,218621.0
1010330017,M3,M3,M3,M3,M3,104.0,329 WEST 42 STREET,986742.0,215456.0
1010330049,M1,M1,M1,M1,M1,104.0,332 WEST 43 STREET,986713.0,215522.0
1010360037,M1,M1,M1,M1,M1,104.0,308 WEST 46 STREET,987377.0,216118.0
1010380013,M1,M1,M1,M1,M1,104.0,339 WEST 47 STREET,987287.0,216645.0
1010380023,M9,M9,M9,M9,M9,104.0,315 WEST 47 STREET,987542.0,216564.0
1010390012,M9,M9,M9,M9,M9,104.0,349 WEST 48 STREET,987389.0,216885.0
1010420016,M2,M2,M2,M2,M2,104.0,335 WEST 51 STREET,987866.0,217518.0
1010430051,M1,M1,M1,M1,M1,104.0,342 WEST 53 STREET,987979.0,217870.0
1010430149,M3,M3,M3,M3,M3,104.0,338 WEST 53 STREET,988014.0,217851.0
1010450027,M1,M1,M1,M1,M1,104.0,307 WEST 54 STREET,988479.0,218073.0
1010530059,M4,M4,M4,M4,M4,104.0,460 WEST 44 STREET,985880.0,216348.0
1010540039,M1,M1,M1,M1,M1,104.0,410 WEST 45 STREET,986445.0,216334.0
1010560022,M1,M1,M1,M1,M1,104.0,423 WEST 46 STREET,986584.0,216735.0
1010570027,M1,M1,M1,M1,M1,104.0,409 WEST 47 STREET,986807.0,216911.0
1010570028,M9,M9,M9,M9,M9,104.0,407 WEST 47 STREET,986826.0,216901.0
1010570129,M9,M9,M9,M9,M9,104.0,405 WEST 47 STREET,986844.0,216891.0
1010600020,S3,M9,M9,M9,M9,104.0,423 WEST 50 STREET,987026.0,217683.0
1010600055,M4,M4,M4,M4,M4,104.0,450 WEST 51 STREET,986833.0,217908.0
1010610005,M3,M3,M3,M3,M3,104.0,461 WEST 51 STREET,986820.0,218096.0
1010610006,M3,M3,M3,M3,M3,104.0,459 WEST 51 STREET,986851.0,218079.0
1010610007,M3,M3,M3,M3,M3,104.0,457 WEST 51 STREET,986871.0,218067.0
1010610008,M1,M1,M1,M1,M1,104.0,451 WEST 51 STREET,986921.0,218040.0
1010660043,M1,M1,M1,M1,M1,104.0,422 WEST 57 STREET,987876.0,219124.0
1010670024,M1,M1,M1,M1,M1,104.0,417 WEST 57 STREET,988035.0,219255.0
1010670064,M9,M9,M9,M9,M9,104.0,882 10 AVENUE,987589.0,219591.0
1010690024,M1,M1,M1,M1,M1,104.0,503 WEST 40 STREET,985118.0,215778.0
1010690136,M3,M3,M3,M3,M3,104.0,502 WEST 41 STREET,985218.0,215794.0
1010780059,M1,M1,M1,M1,M1,104.0,552 WEST 50 STREET,985869.0,218147.0
1011180001,M1,M1,M1,M1,M1,107.0,125 COLUMBUS AVENUE,989394.0,220959.0
1011180028,M3,M3,M3,M3,M3,107.0,3 WEST 65 STREET,989898.0,220589.0
1011180029,M1,M1,M1,M1,M1,107.0,51 CENTRAL PARK WEST,989956.0,220557.0
1011180048,M1,M1,V1,V1,V1,107.0,44 WEST 66 STREET,989696.0,220840.0
1011200033,M1,M1,M1,M1,M1,107.0,77 CENTRAL PARK WEST,990261.0,221124.0
1011200044,M1,M1,M1,M1,M1,107.0,30 WEST 68 STREET,990019.0,221258.0
1011220036,M1,M1,M1,M1,M1,107.0,99 CENTRAL PARK WEST,990519.0,221577.0
1011230049,M1,M1,M1,M1,M1,107.0,34 WEST 71 STREET,990336.0,221975.0
1011280007,M9,M9,M9,M9,M9,107.0,51 WEST 75 STREET,990746.0,223185.0
1011280033,M1,M1,M1,M1,M1,107.0,160 CENTRAL PARK WEST,991286.0,223006.0
1011310016,M9,M9,M9,M9,M9,107.0,405 WEST 59 STREET,988264.0,219715.0
1011310031,M1,M1,M1,M1,M1,107.0,120 WEST 60 STREET,988377.0,219767.0
1011370057,M1,M1,M1,M1,M1,107.0,152 WEST 66 STREET,988709.0,221381.0
1011400040,M3,M3,M3,M3,M3,107.0,120 WEST 69 STREET,989485.0,221852.0
1011400041,M1,M1,M1,M1,M1,107.0,122 WEST 69 STREET,989432.0,221881.0
1011420020,M4,M4,M4,M4,M4,107.0,133 WEST 70 STREET,989570.0,222282.0
1011420061,M1,M1,M1,M1,M1,107.0,152 WEST 71 STREET,989454.0,222406.0
1011420161,M3,M3,M3,M3,M3,107.0,154 WEST 71 STREET,989432.0,222479.0
1011430023,M1,M1,M1,M1,M1,107.0,123 WEST 71 STREET,989766.0,222472.0
1011470043,M1,M1,M1,M1,M1,107.0,122 WEST 76 STREET,990301.0,223551.0
1011500005,M4,M4,W2,W2,W2,107.0,168 WEST 79 STREET,990331.0,224379.0
1011580018,M1,M1,M1,M1,M1,107.0,180 AMSTERDAM AVENUE,988779.0,222143.0
1011580034,M1,M1,M1,M1,M1,107.0,190 AMSTERDAM AVENUE,988830.0,222213.0
1011620064,M1,M1,M1,M1,M1,107.0,232 WEST END AVENUE,988430.0,222984.0
1011630050,M2,M2,M2,M2,M2,107.0,236 WEST 72 STREET,988862.0,223095.0
1011640042,M3,M3,M3,M3,M3,107.0,236 WEST 73 STREET,989152.0,223295.0
1011640043,M1,M1,M1,M1,M1,107.0,234 WEST 73 STREET,989113.0,223304.0
1011660011,M9,M9,M9,M9,M9,107.0,237 WEST 74 STREET,989141.0,223770.0
1011690001,M1,M1,M1,M1,M1,107.0,360 WEST END AVENUE,989357.0,224558.0
1011700028,S2,M9,M9,M9,M9,107.0,207 WEST 78 STREET,990014.0,224498.0
1011820143,M9,M9,M9,M9,M9,107.0,328 WEST 71 STREET,988091.0,223220.0
1011840003,M1,M1,M1,M1,M1,107.0,1 RIVERSIDE DRIVE,988345.0,223599.0
1011840071,M1,M1,M1,M1,M1,107.0,309 WEST 74 STREET,988636.0,224032.0
1011970020,M1,M1,M1,M1,M1,107.0,7 WEST 83 STREET,992142.0,224875.0
1011970046,M1,M1,M1,M1,M1,107.0,26 WEST 84 STREET,992070.0,225028.0
1012000023,M1,M1,M1,M1,M1,107.0,15 WEST 86 STREET,992551.0,225599.0
1012020052,M3,M3,M3,M3,M3,107.0,50 WEST 89 STREET,992622.0,226278.0
1012110050,M1,M1,M1,M1,M1,107.0,140 WEST 81 STREET,990824.0,224818.0
1012120056,M1,M1,M1,M1,M1,107.0,160 WEST 82 STREET,990816.0,225125.0
1012130054,M1,M1,M1,M1,M1,107.0,150 WEST 83 STREET,990988.0,225324.0
1012170001,M1,M1,M1,M1,M1,107.0,165 WEST 86 STREET,991309.0,226268.0
1012170018,M1,M1,M1,M1,M1,107.0,131 WEST 86 STREET,991654.0,226086.0
1012180118,M4,M4,M4,M4,M4,107.0,143 WEST 87 STREET,991777.0,226326.0
1012200053,M1,M1,M1,M1,M1,107.0,138 WEST 90 STREET,991908.0,226969.0
1012220061,M1,M1,M1,M1,M1,107.0,649 AMSTERDAM AVENUE,991995.0,227523.0
1012220153,M4,M4,M4,M4,M4,107.0,146 WEST 92 STREET,992181.0,227416.0
1012240008,M1,M1,M1,M1,M1,107.0,159 WEST 93 STREET,992324.0,227821.0
1012250041,M1,M1,M1,M1,M1,107.0,118 WEST 95 STREET,992827.0,227958.0
1012250043,M1,M1,M1,M1,M1,107.0,124 WEST 95 STREET,992790.0,227979.0
1012270006,M1,M1,M1,M1,M1,107.0,2221 BROADWAY,989723.0,225005.0
1012280005,M1,M1,M1,M1,M1,107.0,251 WEST 80 STREET,989788.0,225256.0
1012300023,M3,M3,M3,M3,M3,107.0,213 WEST 82 STREET,990445.0,225514.0
1012300025,M1,M1,M1,M1,M1,107.0,209 WEST 82 STREET,990514.0,225480.0
1012310060,M1,M1,M1,M9,M9,107.0,270 WEST 84 STREET,990217.0,226063.0
1012340061,M1,M1,M1,M1,M1,107.0,552 WEST END AVENUE,990573.0,226827.0
1012340064,M3,M3,M3,M3,M3,107.0,550 WEST END AVENUE,990547.0,226781.0
1012360005,M1,M1,M1,M1,M1,107.0,257 WEST 88 STREET,990850.0,227139.0
1012380036,M1,M1,M1,M1,M1,107.0,630 AMSTERDAM AVENUE,991717.0,227376.0
1012400042,M1,M1,M1,M1,V1,107.0,212 WEST 93 STREET,991820.0,227919.0
1012410020,M1,M1,M1,M1,M1,107.0,2504 BROADWAY,991805.0,228076.0
1012440010,M1,M1,M1,M1,M1,107.0,305 WEST 79 STREET,989392.0,225188.0
1012460012,M3,M3,M3,M3,M3,107.0,353 WEST 84 STREET,989664.0,226549.0
1012470046,M9,M9,M9,M9,M9,107.0,324 WEST 86 STREET,989998.0,226788.0
1012500086,M9,M9,M9,M9,M9,107.0,309 WEST 89 STREET,990609.0,227573.0
1012510022,M1,M1,M1,M1,M1,107.0,633 WEST END AVENUE,990892.0,227842.0
1012510053,M1,M1,M1,M1,M1,107.0,303 WEST 91 STREET,990914.0,227983.0
1012580042,M9,M9,M9,M9,M9,105.0,4 WEST 43 STREET,989434.0,214082.0
1012690030,M1,M1,M1,M1,M1,105.0,678 5 AVENUE,990828.0,216473.0
1012710030,M1,M1,M1,M1,M1,105.0,708 5 AVENUE,991106.0,216912.0
1012840006,M1,M1,M1,M1,M1,105.0,5 EAST 48 STREET,990515.0,215154.0
1012860001,M1,M1,M1,M1,M1,105.0,631 5 AVENUE,990855.0,215621.0
1012980028,M1,M1,M1,M1,M1,106.0,143 EAST 43 STREET,991326.0,213214.0
1012980127,M3,M3,M3,M3,M3,106.0,141 EAST 43 STREET,991271.0,213245.0
1013030030,M9,M9,M9,M9,M9,106.0,153 EAST 48 STREET,991966.0,214353.0
1013050001,M1,M1,M1,M1,M1,105.0,321 PARK AVENUE,991688.0,215164.0
1013090056,M1,M1,M1,M1,M1,105.0,652 LEXINGTON AVENUE,992408.0,216014.0
1013120063,M1,M1,M1,M1,M1,105.0,122 EAST 58 STREET,992715.0,216783.0
1013230020,M9,M9,M9,Z4,Z4,106.0,245 EAST 49 STREET,992714.0,214232.0
1013250015,M1,M1,M1,M1,M1,106.0,223 EAST 51 STREET,992812.0,214776.0
1013260007,M2,M2,M2,M2,M2,106.0,213 EAST 52 STREET,992862.0,215054.0
1013260032,M1,M1,M1,M1,M1,106.0,240 EAST 53 STREET,993110.0,215028.0
1013260041,K4,K4,K4,M1,M1,106.0,216 EAST 53 STREET,992901.0,215151.0
1013270020,M9,M9,M9,M9,M9,106.0,247 EAST 53 STREET,993245.0,215132.0
1013340046,M1,M1,M1,M1,M1,106.0,310 EAST 42 STREET,992068.0,212282.0
1013400013,M1,M1,M1,M1,M1,106.0,315 EAST 47 STREET,992935.0,213514.0
1013450010,M9,M9,M9,M9,M9,106.0,317 EAST 52 STREET,993519.0,214684.0
1013470032,M3,M3,M3,M3,M3,106.0,348 EAST 55 STREET,994060.0,215097.0
1013470047,M3,M3,M3,M3,M3,106.0,308 EAST 55 STREET,993716.0,215286.0
1013690011,M3,M3,M3,M3,M3,106.0,431 EAST 57 STREET,994858.0,215476.0
1013750036,M1,M1,M1,M1,M1,108.0,520 PARK AVENUE,992664.0,217579.0
1013770007,M1,M1,M1,M1,M1,108.0,5 EAST 62 STREET,992337.0,218364.0
1013780010,M1,M1,M1,M1,M1,108.0,13 EAST 63 STREET,992527.0,218558.0
1013800001,M1,M1,M1,M1,M1,108.0,842 5 AVENUE,992668.0,219090.0
1013800061,M1,M1,M1,M1,M1,108.0,8 EAST 66 STREET,992814.0,219112.0
1013860021,M1,M1,M1,M1,M1,108.0,861 MADISON AVENUE,993838.0,220218.0
1013880021,M9,M9,M9,M9,M9,108.0,921 MADISON AVENUE,994089.0,220738.0
1013880051,M9,M9,M9,M9,M9,108.0,925 MADISON AVENUE,994108.0,220813.0
1013960044,M1,M1,M1,M1,M1,108.0,148 EAST 62 STREET,993630.0,217469.0
1013970026,M1,M1,M1,M1,M1,108.0,153 EAST 62 STREET,993649.0,217638.0
1013980001,M1,M1,M1,M1,M1,108.0,583 PARK AVENUE,993262.0,218150.0
1013980072,M1,M1,M1,M1,M1,108.0,593 PARK AVENUE,993316.0,218250.0
1014000020,M1,M1,M1,M1,M1,108.0,869 LEXINGTON AVENUE,994013.0,218390.0
1014020030,M1,M1,M1,M1,M1,108.0,163 EAST 67 STREET,994394.0,218714.0
1014090005,M1,M1,M1,M1,M1,108.0,115 EAST 74 STREET,994753.0,220662.0
1014090008,M1,M1,M1,M1,M1,108.0,119 EAST 74 STREET,994797.0,220638.0
1014090068,M1,M1,M1,M1,M1,108.0,112 EAST 75 STREET,994818.0,220747.0
1014100042,M4,M4,M4,M4,M4,108.0,184 EAST 76 STREET,995448.0,220700.0
1014100053,M1,M1,M1,M1,M1,108.0,1067 LEXINGTON AVENUE,995320.0,220772.0
1014120005,M1,M1,M1,M1,M1,108.0,103 EAST 77 STREET,995149.0,221347.0
1014140035,M1,M1,M1,M1,M1,108.0,228 EAST 60 STREET,993936.0,216691.0
1014140036,M3,M3,M3,M3,M3,108.0,226 EAST 60 STREET,993906.0,216719.0
1014140133,M3,M3,M3,M3,M3,108.0,234 EAST 60 STREET,993976.0,216680.0
1014150029,M3,M3,M3,M3,M3,108.0,242 EAST 61 STREET,994188.0,216859.0
1014160127,M3,M3,M3,M3,M3,108.0,248 EAST 62 STREET,994348.0,217071.0
1014170016,M3,M3,M3,M3,M3,108.0,237 EAST 62 STREET,994315.0,217270.0
1014170017,M1,M1,M1,M1,M1,108.0,241 EAST 62 STREET,994344.0,217253.0
1014170044,M9,M9,M9,M9,M9,108.0,206 EAST 63 STREET,994121.0,217495.0
1014220016,M1,M1,M1,M1,M1,108.0,223 EAST 67 STREET,994943.0,218413.0
1014260027,M1,M1,M1,M1,M1,108.0,252 EAST 72 STREET,995620.0,219350.0
1014260120,M4,M4,M4,M4,M4,108.0,257 EAST 71 STREET,995560.0,219264.0
1014260121,M3,M3,M3,M3,M3,108.0,259 EAST 71 STREET,995576.0,219254.0
1014330127,M1,M1,M1,M1,M1,108.0,1515 2 AVENUE,996562.0,220988.0
1014360013,M1,M1,V1,O6,O6,108.0,321 EAST 61 STREET,994778.0,216770.0
1014360113,M3,M3,M3,M3,V1,108.0,321 EAST 61 STREET,994832.0,216685.0
1014400043,M4,M4,M4,M4,M4,108.0,320 EAST 66 STREET,995228.0,217776.0
1014430037,M1,M1,M1,M1,M1,108.0,346 EAST 69 STREET,995745.0,218396.0
1014430038,M3,M3,M3,M3,M3,108.0,344 EAST 69 STREET,995724.0,218407.0
1014450130,M1,M1,M1,M1,M1,108.0,340 EAST 71 STREET,996141.0,218759.0
1014470018,M1,M1,M1,M1,M1,108.0,347 EAST 72 STREET,996260.0,219220.0
1014490011,M1,M1,M1,M1,M1,108.0,337 EAST 74 STREET,996403.0,219748.0
1014490020,M1,M1,M1,M1,M1,108.0,351 EAST 74 STREET,996576.0,219650.0
1014500015,M1,M1,M1,M1,M1,108.0,325 EAST 75 STREET,996569.0,219958.0
1014520032,M1,M1,M1,M1,M1,108.0,352 EAST 78 STREET,997014.0,220435.0
1014530024,M9,M9,M9,M9,M9,108.0,1499 1 AVENUE,997160.0,220527.0
1014610001,M1,M1,M1,M1,M1,108.0,1224 1 AVENUE,995843.0,217641.0
1014630005,M1,M1,M1,M1,M1,108.0,410 EAST 69 STREET,996146.0,218103.0
1014690021,M1,M1,M1,M1,M1,108.0,1393 YORK AVENUE,997268.0,219268.0
1014720008,M9,M9,M9,M9,M9,108.0,419 EAST 77 STREET,997329.0,220142.0
1014940129,M9,M9,M9,M9,M9,108.0,65 EAST 82 STREET,995413.0,222760.0
1014950132,M3,M3,M3,M3,M3,108.0,980 PARK AVENUE,995674.0,222948.0
1014960011,M9,M9,M9,M9,M9,108.0,15 EAST 84 STREET,995274.0,223459.0
1014980047,M1,M1,M1,M1,M1,108.0,44 EAST 87 STREET,995860.0,223886.0
1015010024,M1,M1,M1,M1,M1,108.0,59 EAST 89 STREET,996227.0,224460.0
1015010027,M3,M3,M3,M3,M3,108.0,65 EAST 89 STREET,996284.0,224428.0
1015010069,M1,M1,M1,M1,M1,108.0,1085 5 AVENUE,995843.0,224791.0
1015030007,M4,M4,M4,M4,M4,108.0,7 EAST 91 STREET,996087.0,225134.0
1015030031,M1,M1,M1,M1,M1,108.0,1144 PARK AVENUE,996664.0,224813.0
1015030043,M3,M3,M3,M3,M3,,66 EAST 92 STREET,,
1015030044,M3,M3,M3,M3,M3,108.0,62 EAST 92 STREET,996644.0,224945.0
1015050033,M1,M1,M1,M1,M1,108.0,1190 PARK AVENUE,996928.0,225268.0
1015060012,M9,M9,M9,M9,M9,108.0,17 EAST 94 STREET,996563.0,225764.0
1015060013,M9,M9,M9,M9,M9,108.0,19 EAST 94 STREET,996581.0,225754.0
1015070009,M9,M9,M9,M9,M9,108.0,7 EAST 95 STREET,996633.0,226026.0
1015080053,M1,M1,M1,M1,M1,108.0,150 EAST 80 STREET,995818.0,221748.0
1015110014,M1,M1,M1,M1,M1,108.0,127 EAST 82 STREET,995975.0,222449.0
1015140013,M1,M1,M1,M1,M1,108.0,125 EAST 85 STREET,996319.0,223165.0
1015140068,M1,M1,M1,M1,M1,108.0,102 EAST 86 STREET,996189.0,223358.0
1015160005,M1,M1,M1,M1,M1,108.0,109 EAST 87 STREET,996432.0,223750.0
1015160056,M1,M1,M1,M1,M1,108.0,124 EAST 88 STREET,996714.0,223712.0
1015230052,M1,M1,M1,M1,M1,108.0,1461 LEXINGTON AVENUE,997723.0,225217.0
1015240008,M3,M3,M3,M3,M3,108.0,119 EAST 95 STREET,997498.0,225550.0
1015260012,M1,M1,M1,M1,M1,108.0,225 EAST 80 STREET,996565.0,221515.0
1015280015,M1,M1,M1,M1,M1,108.0,229 EAST 82 STREET,996888.0,221944.0
1015290007,M3,M3,M3,M3,M3,108.0,211 EAST 83 STREET,996829.0,222278.0
1015290008,M1,M1,M1,M1,M1,108.0,213 EAST 83 STREET,996860.0,222261.0
1015330008,M1,M1,M1,M1,M1,108.0,217 EAST 87 STREET,997421.0,223199.0
1015350033,M1,M1,M1,M1,M1,108.0,234 EAST 90 STREET,997823.0,223690.0
1015350037,M3,M3,M3,M3,M3,108.0,230 EAST 90 STREET,997787.0,223740.0
1015450011,M1,M1,M1,M1,M1,108.0,323 EAST 82 STREET,997405.0,221657.0
1015470017,M1,M1,M1,M1,M1,108.0,339 EAST 84 STREET,997808.0,222040.0
1015500017,M3,M3,M3,M3,M3,108.0,341 EAST 87 STREET,998191.0,222765.0
1015500034,M3,M3,M3,M3,M3,108.0,332 EAST 88 STREET,998299.0,222858.0
1015500035,M1,M1,M1,M1,M1,108.0,312 EAST 88 STREET,998173.0,222898.0
1015590005,M1,M1,M1,M1,M1,108.0,409 EAST 79 STREET,997636.0,220695.0
1015590009,M3,M3,M3,M3,M3,108.0,413 EAST 79 STREET,997632.0,220624.0
1015610037,M4,M4,M4,M4,M4,108.0,416 EAST 82 STREET,997934.0,221181.0
1015630041,M3,M3,M3,M3,M3,108.0,424 EAST 84 STREET,998223.0,221627.0
1015660145,M3,M3,M3,M3,M3,108.0,404 EAST 87 STREET,998486.0,222429.0
1015940030,M1,M1,M1,M1,M1,110.0,7 CENTRAL PARK NORTH,998163.0,229796.0
1015940041,M1,M1,M1,M1,M1,110.0,6 WEST 111 STREET,998248.0,229790.0
1015940069,M1,M1,M1,M1,M1,,10 LENOX AVENUE,,
1015990021,M1,M1,M1,M1,M1,110.0,29 WEST 115 STREET,998597.0,231018.0
1015990044,M1,M1,M1,M1,M1,110.0,18 WEST 116 STREET,998777.0,231039.0
1016000015,M1,M1,M1,M1,M1,110.0,37 WEST 116 STREET,998622.0,231348.0
1016000030,M1,M1,M1,M1,M1,110.0,11 WEST 116 STREET,998924.0,231181.0
1016030011,M1,M1,M1,M1,M1,111.0,15 EAST 97 STREET,996966.0,226487.0
1016140064,M3,M3,M3,M3,M3,111.0,14 EAST 109 STREET,998351.0,229178.0
1016200040,M1,M1,M1,V1,W9,111.0,1713 MADISON AVENUE,999282.0,230105.0
1016210050,M1,M1,M1,M1,M1,111.0,1765 MADISON AVENUE,999552.0,230635.0
1016210052,M1,M1,M1,M1,M1,111.0,1761 MADISON AVENUE,999528.0,230589.0
1016220001,M1,M1,M1,M1,M1,111.0,1421 5 AVENUE,999208.0,231022.0
1016240010,M3,M3,M3,M3,M3,111.0,135 EAST 96 STREET,997695.0,225764.0
1016240011,M1,M1,M1,M1,M1,111.0,137 EAST 96 STREET,997745.0,225760.0
1016270048,M1,M1,M1,M1,M1,111.0,156 EAST 100 STREET,998465.0,226376.0
1016280057,M1,M1,M1,M1,M1,111.0,1578 LEXINGTON AVENUE,998366.0,226698.0
1016280066,M9,M9,M9,M9,M9,111.0,118 EAST 101 STREET,998189.0,226828.0
1016280069,M9,M9,M9,M9,M9,111.0,110 EAST 101 STREET,998133.0,226859.0
1016290033,M1,M1,M1,M1,M1,111.0,1834 3 AVENUE,998873.0,226619.0
1016290103,M9,M9,M9,M9,M9,111.0,111 EAST 101 STREET,998201.0,226986.0
1016290159,M9,M9,M9,M9,M9,111.0,1610 LEXINGTON AVENUE,998517.0,226971.0
1016300025,M1,M1,M1,M1,M1,111.0,163 EAST 102 STREET,998791.0,226973.0
1016300059,M1,M1,M1,M1,M1,111.0,1630 LEXINGTON AVENUE,998640.0,227202.0
1016300060,M3,M3,M3,M3,M3,111.0,140 EAST 103 STREET,998596.0,227227.0
1016300070,M1,M1,M1,M1,M1,111.0,108 EAST 103 STREET,998361.0,227331.0
1016310011,M1,M1,M1,M1,M1,111.0,131 EAST 103 STREET,998601.0,227378.0
1016310031,M1,M1,M1,M1,M1,111.0,165 EAST 103 STREET,999053.0,227127.0
1016310068,M1,M1,M1,M1,M1,111.0,112 EAST 104 STREET,998524.0,227539.0
1016310108,M3,M3,M3,M3,M3,111.0,125 EAST 103 STREET,998568.0,227396.0
1016320026,M9,M9,M9,M9,M9,111.0,161 EAST 104 STREET,999071.0,227417.0
1016330010,M3,M3,M3,M3,M3,111.0,121 EAST 105 STREET,998843.0,227842.0
1016330061,M1,M1,M1,M1,M1,111.0,120 EAST 106 STREET,998898.0,227925.0
1016330066,M4,M4,M4,M4,M4,111.0,116 EAST 106 STREET,998805.0,227987.0
1016340009,M1,M1,M1,M1,M1,111.0,115 EAST 106 STREET,998972.0,228116.0
1016350025,M1,M1,M1,M1,M1,111.0,155 EAST 107 STREET,999420.0,228167.0
1016350124,M1,M1,M1,M1,M1,111.0,153 EAST 107 STREET,999398.0,228179.0
1016380036,M1,M1,M1,M1,M1,111.0,2010 3 AVENUE,1000057.0,228757.0
1016390021,M1,M1,M1,M1,M1,111.0,163 EAST 111 STREET,999875.0,229094.0
1016390041,M1,M1,M1,M1,M1,111.0,174 EAST 112 STREET,1000177.0,229058.0
1016390046,M1,M1,M1,M1,M1,111.0,160 EAST 112 STREET,1000033.0,229143.0
1016450006,M3,M3,M3,M3,M3,111.0,113 EAST 117 STREET,1000313.0,230710.0
1016450007,M1,M1,M1,M1,M1,111.0,125 EAST 117 STREET,1000394.0,230736.0
1016450037,K4,K4,M1,M1,M1,111.0,2152 3 AVENUE,1000974.0,230416.0
1016450040,M9,M9,M9,M9,M9,111.0,2158 3 AVENUE,1001015.0,230485.0
1016450045,M1,M1,M1,M1,M1,111.0,162 EAST 118 STREET,1000847.0,230533.0
1016460001,M1,M1,M1,M1,M1,111.0,1711 3 AVENUE,998478.0,225411.0
1016540039,M9,M9,M9,M9,M9,111.0,222 EAST 105 STREET,999659.0,227210.0
1016540040,M9,M9,M9,M9,M9,111.0,218 EAST 105 STREET,999631.0,227225.0
1016540139,M9,M9,M9,M9,M9,111.0,220 EAST 105 STREET,999645.0,227217.0
1016620035,M1,M1,M1,M1,M1,111.0,228 EAST 113 STREET,1000752.0,229034.0
1016620040,M3,M3,M3,M3,M3,111.0,224 EAST 113 STREET,1000699.0,229073.0
1016650007,M1,M1,M1,M1,M1,111.0,211 EAST 115 STREET,1000943.0,229717.0
1016650008,M3,M3,M3,M3,M3,111.0,213 EAST 115 STREET,1000958.0,229709.0
1016650039,M1,M1,M1,M1,M1,111.0,226 EAST 116 STREET,1001107.0,229745.0
1016650045,M1,M1,M1,M1,M1,111.0,216 EAST 116 STREET,1001013.0,229793.0
1016660015,M1,M1,M1,M1,M1,111.0,233 EAST 116 STREET,1001282.0,229875.0
1016660047,M1,M1,M1,M1,M1,111.0,2135 3 AVENUE,1001028.0,230125.0
1016670037,M1,M1,M1,M1,M1,111.0,220 EAST 118 STREET,1001366.0,230246.0
1016750027,M9,M9,M9,M9,M9,111.0,2011 1 AVENUE,1000445.0,226444.0
1016750032,M3,M3,M3,M3,M3,111.0,344 EAST 104 STREET,1000380.0,226510.0
1016750033,M1,M1,M1,M1,M1,111.0,342 EAST 104 STREET,1000325.0,226540.0
1016770033,M1,M1,M1,M1,M1,111.0,340 EAST 106 STREET,1000599.0,226988.0
1016810011,M9,M9,M9,M9,M9,111.0,317 EAST 109 STREET,1000887.0,228002.0
1016810045,M3,M3,M3,M3,M3,111.0,312 EAST 110 STREET,1000889.0,228096.0
1016810046,M1,M1,M1,M1,M1,111.0,306 EAST 110 STREET,1000838.0,228096.0
1016820004,M1,M1,M1,M1,M1,111.0,2152 2 AVENUE,1000851.0,228318.0
1016820049,M1,M1,M1,M1,M1,111.0,2160 2 AVENUE,1000900.0,228406.0
1017080001,M9,M9,M9,M9,M9,111.0,2222 1 AVENUE,1001969.0,228809.0
1017080005,M1,M1,M1,M1,M1,111.0,407 EAST 114 STREET,1002060.0,228801.0
1017090016,M9,M9,M9,M9,M9,111.0,438 EAST 116 STREET,1002526.0,228924.0
1017090020,M3,M3,M3,M3,M3,111.0,475 EAST 115 STREET,1002537.0,228820.0
1017170006,M9,M9,M9,M9,M9,110.0,81 WEST 118 STREET,998649.0,231934.0
1017170021,M1,M1,M1,M1,M1,110.0,23 WEST 118 STREET,998995.0,231741.0
1017180024,M1,M1,M1,M1,M1,110.0,37 WEST 119 STREET,999161.0,231949.0
1017180033,M1,M1,M1,M1,M1,110.0,1480 5 AVENUE,999419.0,231769.0
1017180034,M1,M1,M1,M1,M1,110.0,1484 5 AVENUE,999435.0,231787.0
1017200003,M1,M1,M1,M1,M1,110.0,206 LENOX AVENUE,998845.0,232446.0
1017200033,M1,M1,M1,M1,M1,110.0,214 LENOX AVENUE,998884.0,232516.0
1017200058,M1,M1,M1,M1,M1,110.0,15 MT MORRIS PARK WEST,999288.0,232594.0
1017200066,M3,M3,M3,M3,M3,110.0,18 WEST 122 STREET,999114.0,232717.0
1017200067,M1,M1,M1,M1,M1,110.0,230 LENOX AVENUE,999038.0,232729.0
1017210031,M9,M9,M9,M9,M9,110.0,36 WEST 123 STREET,999123.0,232990.0
1017210036,M9,M9,M9,M9,M9,110.0,262 LENOX AVENUE,999204.0,233101.0
1017210052,M1,M1,M1,M1,M1,110.0,31 MT MORRIS PARK WEST,999470.0,232929.0
1017210132,M9,M9,M9,M9,M9,110.0,32 WEST 123 STREET,999158.0,232971.0
1017220013,M1,M1,M1,M1,M1,110.0,43 WEST 124 STREET,999618.0,233191.0
1017220019,M9,M9,M9,M9,M9,110.0,41 WEST 124 STREET,999701.0,233145.0
1017220026,M9,M9,M9,M9,M9,110.0,21 WEST 124 STREET,999853.0,233060.0
1017220027,M9,M9,M9,M9,M9,110.0,15 WEST 124 STREET,999897.0,233036.0
1017230064,M1,M1,M1,M1,M1,110.0,70 WEST 126 STREET,999682.0,233615.0
1017230065,M1,M1,M1,M1,M1,110.0,74 WEST 126 STREET,999655.0,233630.0
1017230067,M1,M1,M1,M1,M1,110.0,80 WEST 126 STREET,999600.0,233660.0
1017230164,M3,M3,M3,M3,M3,110.0,72 WEST 126 STREET,999671.0,233621.0
1017240049,M1,M1,M1,M1,V1,110.0,26 WEST 127 STREET,1000133.0,233665.0
1017240069,M1,M1,M1,M1,M1,110.0,338 LENOX AVENUE,999678.0,233944.0
1017250048,M3,M3,M3,M3,M3,110.0,26 WEST 128 STREET,1000278.0,233880.0
1017260001,M1,M1,M1,M1,M1,110.0,360 LENOX AVENUE,999847.0,234257.0
1017260002,M1,M1,M1,M1,M1,110.0,362 LENOX AVENUE,999862.0,234284.0
1017260003,M1,M1,M1,M1,M1,110.0,366 LENOX AVENUE,999880.0,234318.0
1017260010,M1,M1,M1,M1,M1,110.0,67 WEST 128 STREET,1000028.0,234200.0
1017260032,M1,M1,M1,M1,M1,110.0,7 WEST 128 STREET,1000504.0,233937.0
1017260035,M9,M9,M9,M9,M9,110.0,2084 5 AVENUE,1000595.0,233910.0
1017260044,M9,M9,M9,M9,M9,110.0,13 WEST 128 STREET,1000452.0,234030.0
1017260054,M1,M1,M1,M1,M1,110.0,32 WEST 129 STREET,1000272.0,234182.0
1017280023,M1,M1,M1,M1,M1,110.0,27 WEST 130 STREET,1000562.0,234498.0
1017280026,M9,M9,M9,M9,M9,110.0,19 WEST 130 STREET,1000640.0,234477.0
1017280027,M1,M1,M1,M1,M1,110.0,13 WEST 130 STREET,1000686.0,234432.0
1017280045,M1,M1,M1,M1,M1,110.0,12 WEST 131 STREET,1000721.0,234530.0
1017290038,M1,M1,M1,M1,M1,110.0,2152 5 AVENUE,1001018.0,234676.0
1017290057,M3,M3,M3,M3,M3,110.0,52 WEST 132 STREET,1000590.0,234896.0
1017290058,M1,M1,M1,M1,M1,110.0,54 WEST 132 STREET,1000551.0,234918.0
1017290069,M1,M1,M1,M1,M1,110.0,440 LENOX AVENUE,1000325.0,235063.0
1017300065,M1,M1,M1,M1,M1,110.0,58 WEST 135 STREET,1000751.0,235700.0
1017350010,M1,M1,M1,M1,M1,110.0,59 WEST 137 STREET,1001184.0,236280.0
1017350063,M1,M1,M1,M1,M1,110.0,60 WEST 138 STREET,1001211.0,236380.0
1017360007,M3,M3,M3,M3,M3,110.0,65 WEST 138 STREET,1001234.0,236549.0
1017360008,M1,M1,M1,M1,M1,110.0,61 WEST 138 STREET,1001288.0,236519.0
1017400001,M2,M2,M2,M2,M2,110.0,646 LENOX AVENUE,1001667.0,237503.0
1017460002,M1,M1,M1,M1,M1,111.0,1832 MADISON AVENUE,999814.0,231648.0
1017490022,M9,M9,M9,M9,M9,111.0,1935 MADISON AVENUE,1000656.0,232623.0
1017500005,M1,M1,M1,M1,M1,111.0,13 EAST 125 STREET,1000426.0,233087.0
1017500156,M9,M9,M9,S3,S3,111.0,1960 MADISON AVENUE,1000691.0,233010.0
1017510020,M1,M1,M1,M1,M1,111.0,1971 MADISON AVENUE,1000956.0,233087.0
1017510028,M1,M1,M1,A5,A5,111.0,49 EAST 126 STREET,1001060.0,233034.0
1017510120,M1,M1,M1,M1,M1,111.0,1981 MADISON AVENUE,1000937.0,233147.0
1017520001,M1,M1,M1,M1,M1,111.0,2061 5 AVENUE,1000646.0,233558.0
1017530065,M4,M4,M4,C0,C0,111.0,14 EAST 129 STREET,1000934.0,233815.0
1017540003,M1,M1,M1,M1,M1,111.0,2105 5 AVENUE,1000881.0,234035.0
1017540005,M1,M1,M1,M1,M1,111.0,5 EAST 129 STREET,1000938.0,233994.0
1017540020,M1,M1,M1,M1,M1,111.0,41 EAST 129 STREET,1001347.0,233836.0
1017540024,M3,M3,M3,M3,M3,111.0,47 EAST 129 STREET,1001353.0,233762.0
1017540065,M1,M1,M1,M1,M1,111.0,12 EAST 130 STREET,1001033.0,234038.0
1017560038,M1,M1,M1,M1,M1,111.0,60 EAST 132 STREET,1001886.0,234179.0
1017690132,M1,M1,M1,M1,M1,111.0,175 EAST 120 STREET,1001291.0,231050.0
1017700033,M1,M1,M1,M1,M1,111.0,169 EAST 121 STREET,1001349.0,231351.0
1017700039,M1,M1,M1,M1,M1,111.0,2238 3 AVENUE,1001510.0,231378.0
1017700079,M3,M3,M3,M3,M3,111.0,5 SYLVAN COURT,1001276.0,231447.0
1017710041,M1,M1,M1,M1,M1,111.0,182 EAST 123 STREET,1001573.0,231628.0
1017710044,M9,M9,M9,M9,M9,111.0,170 EAST 123 STREET,1001487.0,231669.0
1017740009,M1,M1,M1,M1,M1,111.0,115 EAST 125 STREET,1001434.0,232500.0
1017740033,M2,M2,V1,D7,D7,111.0,2306 3 AVENUE,1002008.0,232268.0
1017740061,M1,M1,M1,M1,M1,111.0,110 EAST 126 STREET,1001483.0,232590.0
1017750166,M9,M9,M9,M9,M9,111.0,108 EAST 128 STREET,1001651.0,233121.0
1017830050,M1,M1,M1,M1,M1,111.0,204 EAST 119 STREET,1001339.0,230604.0
1017840024,M1,M1,M1,M1,M1,111.0,2329 2 AVENUE,1001852.0,230505.0
1017860104,M1,M1,M1,M1,M1,111.0,207 EAST 121 STREET,1001648.0,231145.0
1017880007,M3,M3,M3,M3,M3,111.0,213 EAST 123 STREET,1001981.0,231583.0
1017880008,M1,M1,M1,M1,M1,111.0,217 EAST 123 STREET,1002009.0,231568.0
1017880015,M1,M1,M1,M1,M1,111.0,237 EAST 123 STREET,1002170.0,231478.0
1017890034,M9,M9,M9,M9,M9,111.0,232 EAST 125 STREET,1002358.0,231793.0
1017890035,M9,M9,M9,M9,M9,111.0,230 EAST 125 STREET,1002337.0,231805.0
1017890036,M9,M9,M9,M9,M9,111.0,228 EAST 125 STREET,1002315.0,231817.0
1017890039,M9,M9,M9,M9,M9,111.0,220 EAST 125 STREET,1002238.0,231859.0
1017910044,M1,M1,M1,M1,M1,111.0,2327 3 AVENUE,1002324.0,232434.0
1017920001,M1,M1,M1,M1,M1,111.0,2341 3 AVENUE,1002413.0,232599.0
1017950001,M1,M1,M1,M1,M1,111.0,2302 2 AVENUE,1001840.0,230123.0
1017950012,M1,M1,M1,M1,M1,111.0,325 EAST 118 STREET,1002097.0,230022.0
1018060029,M4,M4,M4,M4,M4,111.0,446 EAST 119 STREET,1002943.0,229671.0
1018060031,M3,M3,M3,M3,M3,111.0,444 EAST 119 STREET,1002908.0,229690.0
1018060032,M1,M1,M1,M1,M1,111.0,442 EAST 119 STREET,1002850.0,229722.0
1018060036,M9,M9,M9,M9,M9,111.0,426 EAST 119 STREET,1002795.0,229753.0
1018240001,M1,M1,M1,M1,M1,110.0,1881 ADAM C POWELL BLVD,997277.0,231421.0
1018240012,M1,M1,M1,M1,M1,110.0,88 ST NICHOLAS AVENUE,997490.0,231361.0
1018250008,M1,M1,M1,M1,M1,110.0,141 WEST 115 STREET,997518.0,231615.0
1018250036,M1,M1,M1,M1,M1,110.0,119 LENOX AVENUE,998023.0,231469.0
1018250051,M1,M1,M1,M1,M1,110.0,132 WEST 116 STREET,997642.0,231572.0
1018310033,M1,M1,M1,M1,M1,110.0,1912 ADAM C POWELL BLVD,997218.0,231899.0
1018310060,M2,M2,M2,M2,M2,110.0,252 WEST 116 STREET,996710.0,232180.0
1018320029,M1,M1,M1,M1,M1,107.0,361 CENTRAL PARK WEST,993968.0,227845.0
1018360033,M9,M9,M9,M9,M9,107.0,409 CENTRAL PARK WEST,994530.0,228808.0
1018430041,M1,M1,M1,M1,M1,107.0,14 WEST 108 STREET,995289.0,230574.0
1018440052,M1,M1,M1,M1,M1,107.0,209 MANHATTAN AVENUE,995201.0,230922.0
1018490036,M1,M1,M1,M1,M1,110.0,371 MANHATTAN AVENUE,996085.0,232490.0
1018520059,M1,M1,M1,M1,M1,107.0,164 WEST 100 STREET,993081.0,229357.0
1018600001,M1,M1,M1,M1,M1,107.0,921 AMSTERDAM AVENUE,993731.0,230675.0
1018600009,M1,M1,M1,M1,M1,107.0,153 WEST 105 STREET,993885.0,230590.0
1018620007,M9,M9,M9,M9,M9,107.0,167 WEST 107 STREET,994117.0,231103.0
1018620010,M1,M1,M1,M1,M1,107.0,163 WEST 107 STREET,994169.0,231075.0
1018650001,M1,M1,M1,M1,M1,109.0,1021 AMSTERDAM AVENUE,994763.0,231949.0
1018670014,M1,M1,M1,M1,M1,109.0,403 WEST 114 STREET,995125.0,232640.0
1018670020,M1,M1,M1,M1,M1,109.0,405 WEST 114 STREET,995212.0,232593.0
1018680029,M1,M1,M1,M1,M1,107.0,748 AMSTERDAM AVENUE,992408.0,228769.0
1018680124,M3,M3,M3,M3,M3,107.0,207 WEST 96 STREET,992292.0,228774.0
1018680129,M9,M9,M9,M9,M9,107.0,204 WEST 97 STREET,992406.0,228852.0
1018710024,M3,M3,M3,M3,M3,107.0,227 WEST 99 STREET,992652.0,229454.0
1018710029,M1,M1,M1,M1,M1,107.0,225 WEST 99 STREET,992773.0,229437.0
1018720001,M1,M1,M1,M1,M1,107.0,824 WEST END AVENUE,992318.0,229953.0
1018790017,M3,M3,M3,M3,M3,107.0,221 WEST 107 STREET,993532.0,231420.0
1018790018,M1,M1,M1,M1,M1,107.0,219 WEST 107 STREET,993602.0,231457.0
1018790044,M4,M4,M4,M4,M4,107.0,218 WEST 108 STREET,993675.0,231468.0
1018810021,M1,M1,M1,M1,M1,107.0,221 WEST 109 STREET,993875.0,231834.0
1018810056,M1,M1,M1,M1,M1,107.0,550 CATHEDRAL PARKWAY,993633.0,232068.0
1018910040,M1,M1,M1,M1,M1,107.0,331 RIVERSIDE DRIVE,992504.0,231347.0
1018910041,M1,M1,M1,M1,M1,107.0,332 RIVERSIDE DRIVE,992516.0,231368.0
1018920059,M1,M1,M1,M1,M1,107.0,322 WEST 108 STREET,992963.0,231863.0
1018950045,M1,M1,M1,M1,M1,109.0,619 WEST 113 STREET,993538.0,233222.0
1018960020,M1,M1,M1,M1,M1,109.0,2925 BROADWAY,993893.0,233317.0
1018960052,M1,M1,M1,V1,V1,109.0,633 WEST 115 STREET,993740.0,233707.0
1019020006,M1,M1,M1,M1,M1,110.0,155 WEST 117 STREET,997732.0,232141.0
1019030011,M1,M1,M1,M1,M1,110.0,141 WEST 118 STREET,997984.0,232301.0
1019030047,O9,O2,O2,M9,M9,110.0,126 WEST 119 STREET,998174.0,232313.0
1019040041,M9,M9,M9,B3,B3,110.0,112 WEST 120 STREET,998431.0,232470.0
1019040057,M1,M1,M1,M1,M1,110.0,160 WEST 120 STREET,998083.0,232662.0
1019040141,M3,M3,M3,M3,M3,110.0,114 WEST 120 STREET,998414.0,232479.0
1019050004,M9,M9,M9,M9,M9,110.0,2011 ADAM C POWELL BLVD,998067.0,232902.0
1019050029,M1,M1,M1,M1,M1,110.0,201 LENOX AVENUE,998627.0,232542.0
1019050103,M9,M9,M9,M9,M9,110.0,2009 ADAM C POWELL BLVD,998059.0,232887.0
1019050111,M1,M1,M1,M1,M1,110.0,141 WEST 120 STREET,998231.0,232762.0
1019060029,M1,M1,M1,M1,M1,110.0,225 LENOX AVENUE,998751.0,232743.0
1019060031,M1,M1,C7,C7,C7,110.0,227 LENOX AVENUE,998770.0,232777.0
1019060032,M1,M1,M1,M1,M1,110.0,229 LENOX AVENUE,998773.0,232805.0
1019080009,M1,M1,M1,M1,M1,110.0,147 WEST 123 STREET,998580.0,233465.0
1019080026,M1,M1,M1,M1,M1,110.0,261 LENOX AVENUE,998975.0,233242.0
1019080032,M3,M3,M3,M3,M3,110.0,269 LENOX AVENUE,999042.0,233257.0
1019090001,M1,M1,M1,M1,M1,110.0,2081 ADAM C POWELL BLVD,998575.0,233767.0
1019110037,M9,M9,M9,M9,M9,110.0,106 WEST 127 STREET,999407.0,234065.0
1019110136,M9,M9,M9,M9,M9,110.0,111 WEST 126 STREET,999451.0,234071.0
1019110155,M1,M1,M1,M1,M1,110.0,152 WEST 127 STREET,999017.0,234282.0
1019130001,M1,M1,M1,M1,M1,110.0,2161 ADAM C POWELL BLVD,999088.0,234719.0
1019130015,M1,M1,M1,M1,M1,110.0,131 WEST 128 STREET,999336.0,234582.0
1019130017,M1,M1,M1,M1,M1,110.0,127 WEST 128 STREET,999384.0,234555.0
1019130027,M1,M1,M1,M1,M1,110.0,107 WEST 128 STREET,999595.0,234439.0
1019130043,M1,M1,M1,M1,M1,110.0,122 WEST 129 STREET,999543.0,234585.0
1019130046,M1,M1,M1,M1,M1,110.0,130 WEST 129 STREET,999477.0,234621.0
1019130049,M1,M1,M1,M1,M1,110.0,136 WEST 129 STREET,999413.0,234657.0
1019130059,M9,M9,M9,M9,M9,110.0,160 WEST 129 STREET,999182.0,234784.0
1019150018,M1,M1,M1,M1,M1,110.0,127 WEST 130 STREET,999669.0,234990.0
1019150031,M1,M1,M1,M1,M1,110.0,405 LENOX AVENUE,999922.0,234865.0
1019150035,M1,M1,M1,V1,V1,110.0,413 LENOX AVENUE,999972.0,234956.0
1019150038,M1,M1,M1,M1,M1,110.0,104 WEST 131 STREET,999903.0,234979.0
1019150041,M1,M1,M1,M1,M1,110.0,112 WEST 131 STREET,999842.0,235013.0
1019150053,M1,M1,M1,M1,M1,110.0,146 WEST 131 STREET,999562.0,235168.0
1019150064,M9,M9,M9,M9,M9,110.0,2207 ADAM C POWELL BLVD,999376.0,235242.0
1019160007,M3,M3,M3,M3,M3,110.0,163 WEST 131 STREET,999546.0,235357.0
1019160024,M1,M1,M1,M1,M1,110.0,115 WEST 131 STREET,999910.0,235156.0
1019160113,M9,M9,M9,C3,C3,110.0,145 WEST 131 STREET,999681.0,235282.0
1019170026,M1,M1,M1,M1,M1,110.0,111 WEST 132 STREET,1000082.0,235358.0
1019170037,M1,M1,M1,M1,M1,110.0,102 WEST 133 STREET,1000162.0,235430.0
1019170041,M1,M1,M1,M1,M1,110.0,114 WEST 133 STREET,1000097.0,235466.0
1019170053,M1,M1,M1,M1,M1,110.0,150 WEST 133 STREET,999829.0,235614.0
1019170107,M1,M1,M1,M1,M1,110.0,159 WEST 132 STREET,999676.0,235583.0
1019170158,M1,M1,M1,M1,M1,110.0,168 WEST 133 STREET,999708.0,235681.0
1019180054,M1,M1,M1,V1,V1,110.0,132 WEST 134 STREET,999917.0,235862.0
1019200044,M3,M3,M3,M3,M3,110.0,124 WEST 136 STREET,1000418.0,236228.0
1019200062,M1,M1,M1,M1,M1,110.0,2315 ADAM C POWELL BLVD,1000021.0,236433.0
1019210051,M1,M1,M1,M1,M1,110.0,140 WEST 137 STREET,1000356.0,236551.0
1019230014,M2,M2,P9,P9,P9,110.0,260 WEST 118 STREET,997194.0,232564.0
1019230052,M3,M3,M3,M3,M3,110.0,262 WEST 118 STREET,997148.0,232583.0
1019280024,M1,M1,M1,C2,C2,,215 WEST 122 STREET,,
1019280041,M1,M1,M1,M1,M1,110.0,214 WEST 123 STREET,998026.0,233593.0
1019290006,M9,M9,M9,M9,M9,110.0,259 WEST 123 STREET,997740.0,233981.0
1019290023,M9,M9,M9,M9,M9,110.0,217 WEST 123 STREET,998077.0,233744.0
1019300001,M1,M1,M1,M1,M1,110.0,2310 FREDRICK DOUGLASS BL,997780.0,234266.0
1019310056,M1,M1,M1,M1,M1,110.0,260 WEST 126 STREET,998048.0,234520.0
1019320009,M1,M1,M1,M1,M1,110.0,259 WEST 126 STREET,998172.0,234633.0
1019320029,M9,M9,M9,M9,M9,110.0,2122 ADAM C POWELL BLVD,998610.0,234388.0
1019330026,M9,M9,M9,M9,M9,110.0,211 WEST 129 STREET,998907.0,235119.0
1019330027,M1,M1,M1,M1,M1,110.0,2180 ADAM C POWELL BLVD,998983.0,235070.0
1019330032,M3,M3,M3,M3,M3,110.0,2190 ADAM C POWELL BLVD,999031.0,235096.0
1019370010,M1,M1,M1,M1,M1,110.0,255 WEST 131 STREET,998812.0,235765.0
1019370029,M1,M1,M1,M1,M1,110.0,2220 ADAM C POWELL BLVD,999249.0,235494.0
1019380015,M1,M1,M1,M1,M1,110.0,249 WEST 132 STREET,999050.0,235928.0
1019380024,M3,M3,M3,M3,M3,110.0,221 WEST 132 STREET,999237.0,235814.0
1019380124,M1,M1,M1,M1,M1,110.0,215 WEST 132 STREET,999292.0,235797.0
1019390040,M1,M1,M1,M1,M1,110.0,210 WEST 134 STREET,999397.0,236082.0
1019400056,M1,M1,M1,M1,M1,110.0,262 WEST 135 STREET,999230.0,236543.0
1019420021,M1,M1,M1,M1,M1,110.0,219 WEST 136 STREET,999713.0,236795.0
1019430015,M1,M1,M1,M1,M1,110.0,391 MANHATTAN AVENUE,996203.0,232707.0
1019430114,M2,M2,M2,M2,M2,110.0,389 MANHATTAN AVENUE,996194.0,232691.0
1019460022,M1,M1,M1,M1,M1,110.0,315 WEST 119 STREET,996801.0,233333.0
1019460037,M1,M1,M1,M1,M1,110.0,302 WEST 120 STREET,996942.0,233293.0
1019480004,M3,M3,M3,M3,M3,110.0,81 MORNINGSIDE AVENUE,996610.0,234013.0
1019480041,M1,M1,M1,M1,M1,110.0,306 WEST 122 STREET,997097.0,233808.0
1019500029,M1,M1,M1,M1,M1,110.0,302 WEST 124 STREET,997477.0,234159.0
1019510007,M9,M9,M9,V1,D6,109.0,362 WEST 125 STREET,997130.0,234656.0
1019530021,M1,M1,M1,M1,M1,110.0,327 WEST 126 STREET,997626.0,234920.0
1019530035,M1,M1,M1,M1,M1,110.0,2363 FREDRICK DOUGLASS BL,997931.0,234912.0
1019530036,M1,M1,M1,M1,M1,110.0,302 WEST 127 STREET,997885.0,234937.0
1019550020,M1,M1,M1,M1,M1,110.0,306 WEST 129 STREET,998055.0,235409.0
1019580021,M1,M1,M1,M1,M1,110.0,2457 FREDRICK DOUGLASS BL,998528.0,236022.0
1019580035,M1,M1,M1,D6,D6,,308 WEST 133 STREET,,
1019590053,M1,M1,M1,M1,M1,110.0,316 WEST 135 STREET,998748.0,236813.0
1019600015,M1,M1,M1,M1,M1,110.0,2535 FREDRICK DOUGLASS BL,999058.0,236977.0
1019600030,M1,M1,M1,M1,M1,110.0,28 EDGECOMBE AVENUE,998899.0,237226.0
1019660067,M1,M1,M1,M1,M1,109.0,140 MORNINGSIDE AVENUE,996951.0,235032.0
1019660070,M3,M3,M3,M3,M3,109.0,405 WEST 125 STREET,996924.0,235056.0
1019660073,M3,M3,M3,M3,M3,109.0,152 MORNINGSIDE AVENUE,996997.0,235124.0
1019670016,M1,M1,M1,M1,M1,109.0,411 WEST 126 STREET,996986.0,235299.0
1019690080,M1,M1,M1,M1,M1,109.0,1415 AMSTERDAM AVENUE,996873.0,236374.0
1019700036,M9,M9,M9,M9,M9,109.0,1445 AMSTERDAM AVENUE,997103.0,236763.0
1019700042,M9,M9,M9,M9,M9,109.0,80 CONVENT AVENUE,997204.0,236670.0
1019760006,M1,M1,M1,M1,M1,109.0,535 WEST 121 STREET,995111.0,234788.0
1019760009,M3,M3,M3,M3,M3,109.0,529 WEST 121 STREET,995155.0,234763.0
1019820007,M1,M1,M1,M1,M1,109.0,541 WEST 125 STREET,996135.0,236122.0
1019820017,M1,M1,M1,M1,M1,109.0,515 WEST 125 STREET,996280.0,235903.0
1019820049,M1,M1,M1,M1,M1,109.0,13 OLD BROADWAY,996132.0,236287.0
1019830011,M3,M3,M3,M3,M3,109.0,521 WEST 126 STREET,996419.0,236196.0
1019830020,M9,M9,M9,M9,M9,109.0,503 WEST 126 STREET,996508.0,236033.0
1019910001,M9,M9,M9,M9,M9,109.0,470 RIVERSIDE DRIVE,994291.0,234681.0
1019910032,M1,M1,M1,M1,M1,109.0,481 RIVERSIDE DRIVE,994468.0,235023.0
1020060052,M1,M1,M1,M1,M1,110.0,132 WEST 138 STREET,1000446.0,236804.0
1020090006,M1,M1,M1,M1,M1,110.0,171 WEST 140 STREET,1000679.0,237447.0
1020120038,M1,M1,M1,M1,M1,110.0,102 WEST 144 STREET,1001561.0,237967.0
1020130006,M1,M1,M1,M1,M1,110.0,147 WEST 144 STREET,1001193.0,238352.0
1020140055,M1,M1,M1,M1,M1,110.0,160 WEST 146 STREET,1001421.0,238685.0
1020230048,C0,C0,C0,M9,M9,110.0,226 WEST 138 STREET,999787.0,237169.0
1020230160,M1,M1,M1,M1,M1,110.0,252 WEST 138 STREET,999515.0,237312.0
1020250113,M3,M3,M3,M3,M3,110.0,239 WEST 139 STREET,999922.0,237569.0
1020270024,M3,M3,M3,M3,M3,110.0,211 WEST 141 STREET,1000407.0,237897.0
1020270041,M1,M1,M1,M1,M1,110.0,218 WEST 142 STREET,1000365.0,238003.0
1020280012,M1,M1,M1,M1,M1,110.0,233 WEST 142 STREET,1000304.0,238252.0
1020280015,M1,M1,M1,M1,M1,110.0,231 WEST 142 STREET,1000338.0,238233.0
1020300050,M1,M1,M1,M1,M1,110.0,240 WEST 145 STREET,1000605.0,238792.0
1020300054,M1,M1,M1,M1,M1,110.0,258 WEST 145 STREET,1000526.0,238836.0
1020360047,M3,M3,M3,M3,M3,110.0,276 WEST 151 STREET,1001455.0,240155.0
1020360049,M3,M3,M3,M3,M3,110.0,282 WEST 151 STREET,1001399.0,240186.0
1020370005,M1,M1,M1,M1,M1,110.0,43 MACOMBS PLACE,1001304.0,240443.0
1020410060,M1,M1,M1,M1,M1,110.0,308 WEST 139 STREET,999346.0,237710.0
1020410129,M9,M9,A9,C0,C0,110.0,68 EDGECOMBE AVENUE,999094.0,237598.0
1020420027,M1,M1,M1,M1,M1,110.0,116 EDGECOMBE AVENUE,999341.0,238028.0
1020430005,M1,M1,M1,M1,M1,110.0,313 WEST 141 STREET,999609.0,238339.0
1020430010,M1,M1,M1,M1,M1,110.0,305 WEST 141 STREET,999707.0,238284.0
1020450024,M1,M1,M1,M1,M1,110.0,88 BRADHURST AVENUE,1000330.0,239543.0
1020470005,M1,M1,M1,M1,M1,110.0,303 WEST 153 STREET,1001228.0,241053.0
1020480001,M1,M1,M1,M1,M1,110.0,59 EDGECOMBE AVENUE,998936.0,237593.0
1020500001,M1,M1,M1,M1,M1,109.0,281 CONVENT AVENUE,998788.0,238798.0
1020500037,M9,M9,M9,M9,M9,109.0,341 CONVENT AVENUE,999133.0,239480.0
1020500042,M1,M1,M1,M1,M1,109.0,351 CONVENT AVENUE,999168.0,239594.0
1020500084,M3,M3,M3,M3,M3,109.0,4 HAMILTON TERRACE,998861.0,238849.0
1020500163,M1,M1,M1,M1,M1,109.0,416 WEST 144 STREET,999163.0,239307.0
1020500183,M1,M1,M1,M1,M1,109.0,409 WEST 141 STREET,999105.0,238630.0
1020510074,M1,M1,M1,M1,M1,109.0,199 EDGECOMBE AVENUE,999567.0,239003.0
1020530063,M1,M1,M1,M1,M1,109.0,732 ST NICHOLAS AVENUE,999843.0,239845.0
1020580026,M3,M3,M3,M3,M3,109.0,472 WEST 142 STREET,998424.0,239113.0
1020580032,M2,M2,M2,M2,M2,109.0,469 WEST 142 STREET,998528.0,239235.0
1020580033,M1,M1,M1,M1,M1,109.0,465 WEST 142 STREET,998570.0,239212.0
1020580037,M3,M3,M3,M3,M3,109.0,463 WEST 142 STREET,998623.0,239182.0
1020580056,M1,M1,A9,A9,A9,109.0,470 WEST 143 STREET,998557.0,239335.0
1020590044,M1,M1,M1,M1,M1,109.0,340 CONVENT AVENUE,998955.0,239576.0
1020590048,M1,M1,M1,M1,M1,109.0,348 CONVENT AVENUE,998992.0,239643.0
1020590051,M9,M9,M9,M9,M9,109.0,356 CONVENT AVENUE,999032.0,239714.0
1020600018,M1,M1,M1,M1,M1,109.0,421 WEST 145 STREET,999256.0,239767.0
1020610054,M1,M1,M1,M1,M1,109.0,452 WEST 147 STREET,999237.0,240193.0
1020620002,M9,M9,M9,V1,V1,109.0,1763 AMSTERDAM AVENUE,999153.0,240462.0
1020630001,M1,M1,M1,M1,M1,109.0,1781 AMSTERDAM AVENUE,999242.0,240624.0
1020630002,M1,M1,M1,M1,M1,109.0,1783 AMSTERDAM AVENUE,999255.0,240647.0
1020640001,M1,M1,M1,M1,M1,109.0,1801 AMSTERDAM AVENUE,999407.0,240874.0
1020640009,M1,M1,M1,M1,M1,109.0,451 WEST 149 STREET,999565.0,240786.0
1020640050,M4,M4,M4,M4,M4,109.0,450 WEST 150 STREET,999690.0,240834.0
1020650020,M1,M1,M1,M1,M1,109.0,419 WEST 150 STREET,999897.0,240898.0
1020660049,M1,M1,M1,M1,M1,109.0,448 WEST 152 STREET,1000041.0,241234.0
1020680044,M1,M1,M1,M1,M1,109.0,1889 AMSTERDAM AVENUE,999929.0,241860.0
1020680061,M1,M1,M1,M1,M1,109.0,411 WEST 154 STREET,1000279.0,241876.0
1020690046,M9,M9,M9,M9,M9,109.0,876 ST NICHOLAS AVENUE,1000452.0,241583.0
1020710009,M1,M1,M1,M1,M1,109.0,44 HAMILTON PLACE,997509.0,238918.0
1020730008,M1,M1,M1,M1,M1,109.0,553 WEST 141 STREET,997706.0,239393.0
1020740016,M9,M9,M9,M9,M9,109.0,523 WEST 142 STREET,997996.0,239527.0
1020740032,M9,M9,M9,M9,M9,109.0,1664 AMSTERDAM AVENUE,998341.0,239383.0
1020740119,M1,M1,M1,B1,B1,109.0,513 WEST 142 STREET,998070.0,239486.0
1020790017,M1,M1,M1,M1,M1,109.0,527 WEST 147 STREET,998673.0,240687.0
1020790049,M1,M1,M1,M1,M1,109.0,536 WEST 148 STREET,998700.0,240789.0
1020800023,M3,M3,M3,M3,M3,109.0,511 WEST 148 STREET,998958.0,240825.0
1020810055,M9,M9,M9,M9,M9,109.0,560 WEST 150 STREET,998816.0,241318.0
1020810056,M1,M1,M1,M1,M1,109.0,564 WEST 150 STREET,998779.0,241339.0
1020820060,M1,M1,M1,M1,M1,109.0,3652 BROADWAY,998796.0,241624.0
1020830035,M9,M9,M9,M9,M9,109.0,1854 AMSTERDAM AVENUE,999532.0,241543.0
1020840033,M3,M3,M3,M3,M3,109.0,1868 AMSTERDAM AVENUE,999626.0,241717.0
1020840034,M1,M1,M1,M1,M1,109.0,1870 AMSTERDAM AVENUE,999651.0,241763.0
1020840037,M1,M1,M1,M1,M1,109.0,504 WEST 153 STREET,999581.0,241772.0
1020840039,M3,M3,M3,M3,M3,109.0,506 WEST 153 STREET,999546.0,241806.0
1020840047,M3,M3,M3,M3,S3,109.0,524 WEST 153 STREET,999367.0,241905.0
1020840048,M1,M1,M1,M1,M1,109.0,526 WEST 153 STREET,999347.0,241916.0
1020850020,M1,M1,M1,M1,M1,109.0,550 WEST 155 STREET,999374.0,242462.0
1020850032,M3,M3,M3,M3,M3,109.0,540 WEST 155 STREET,999526.0,242419.0
1020940032,M9,M9,M9,M9,M9,109.0,3581 BROADWAY,998173.0,240947.0
1021070012,M1,M1,M1,M1,M1,112.0,922 ST NICHOLAS AVENUE,1000623.0,242225.0
1021090003,M1,M1,M1,M1,M1,112.0,2005 AMSTERDAM AVENUE,1000689.0,243210.0
1021100001,M9,M9,M9,M9,M9,112.0,2061 AMSTERDAM AVENUE,1001022.0,243800.0
1021110080,M1,M1,M1,M1,M1,112.0,2141 AMSTERDAM AVENUE,1001545.0,244779.0
1021110109,M1,M1,M1,M1,M1,112.0,461 WEST 166 STREET,1001673.0,244720.0
1021140050,M1,M1,M1,M1,M1,112.0,505 WEST 155 STREET,999876.0,242440.0
1021140058,M1,M1,M1,M1,M1,112.0,521 WEST 155 STREET,999639.0,242571.0
1021150027,M1,M1,M1,M1,M1,112.0,512 WEST 157 STREET,1000012.0,242782.0
1021150033,M1,M1,M1,M1,M1,112.0,502 WEST 157 STREET,1000111.0,242727.0
1021150066,M4,M4,M4,M4,M4,112.0,557 WEST 156 STREET,999578.0,242904.0
1021210029,M1,M1,M1,M1,M1,112.0,510 WEST 165 STREET,1001076.0,244572.0
1021210058,M1,M1,M1,M1,M1,112.0,2086 AMSTERDAM AVENUE,1000982.0,244164.0
1021230074,M1,M1,M1,M1,M1,112.0,511 WEST 166 STREET,1001279.0,245040.0
1021230085,M1,M1,M1,M1,M1,112.0,518 WEST 168 STREET,1001391.0,245348.0
1021280035,M1,M1,M1,M1,M1,112.0,141 AUDUBON AVENUE,1001837.0,246296.0
1021280036,M1,M1,M1,M1,M1,112.0,512 WEST 172 STREET,1001882.0,246271.0
1021310004,M3,M3,M3,M3,M3,112.0,1290 ST NICHOLAS AVENUE,1001818.0,247129.0
1021310008,M1,M1,M1,M1,M1,112.0,1294 ST NICHOLAS AVENUE,1001858.0,247164.0
1021340039,M1,M1,M1,M1,M1,112.0,624 WEST 156 STREET,998924.0,243085.0
1021360053,M1,M1,M1,M1,M1,112.0,23 FT WASHINGTON AVENUE,999463.0,243873.0
1021420133,M1,M1,M1,M1,M1,112.0,4109 BROADWAY,1001083.0,247209.0
1021430038,M1,M1,M1,M1,M1,112.0,21 WADSWORTH AVENUE,1001440.0,247274.0
1021430048,M1,M1,M1,M1,M1,112.0,614 WEST 175 STREET,1001572.0,247316.0
1021450001,M1,M1,M1,M1,M1,112.0,4140 BROADWAY,1001429.0,247674.0
1021450035,M1,M1,M1,M1,M1,112.0,96 WADSWORTH AVENUE,1001742.0,248184.0
1021520031,M1,M1,M1,M1,M1,112.0,281 AUDUBON AVENUE,1002803.0,248040.0
1021540058,M1,M1,M1,M1,M1,112.0,555 WEST 182 STREET,1003028.0,248821.0
1021540059,M1,M1,M1,M1,M1,112.0,557 WEST 182 STREET,1003007.0,248832.0
1021550072,M9,M9,M9,M9,M9,112.0,369 AUDUBON AVENUE,1003331.0,249009.0
1021570022,K4,K4,M9,M9,M9,112.0,386 AUDUBON AVENUE,1003312.0,249262.0
1021570076,M1,M1,M1,M1,M1,112.0,582 WEST 187 STREET,1003438.0,249924.0
1021570077,M1,M1,M1,M1,M1,112.0,580 WEST 187 STREET,1003472.0,249905.0
1021570082,M1,M1,M1,M1,M1,112.0,436 AUDUBON AVENUE,1003619.0,249853.0
1021580032,M1,M1,M1,M1,M1,112.0,563 WEST 187 STREET,1003526.0,250075.0
1021620033,M1,M1,M1,M1,M1,112.0,612 WEST 180 STREET,1002219.0,248496.0
1021620047,K9,M1,M1,M1,M1,112.0,617 WEST 179 STREET,1002161.0,248410.0
1021630041,M1,M1,M1,M1,M1,112.0,655 WEST 179 STREET,1001936.0,248546.0
1021640052,M1,M1,V1,V1,V1,112.0,206 WADSWORTH AVENUE,1002464.0,249536.0
1021660082,M9,M9,M9,M9,M9,112.0,1521 ST NICHOLAS AVENUE,1003159.0,249952.0
1021670056,M9,M9,M9,M9,M9,112.0,270 WADSWORTH AVENUE,1002817.0,250236.0
1021670061,M3,M3,M3,M3,M3,112.0,266 WADSWORTH AVENUE,1002826.0,250142.0
1021680019,M1,M1,M1,M1,M1,112.0,1549 ST NICHOLAS AVENUE,1003317.0,250223.0
1021700118,M1,M1,M1,M1,M1,112.0,37 HILLSIDE AVENUE,1003701.0,251946.0
1021720028,M1,M1,M1,I5,I5,112.0,4624 BROADWAY,1003657.0,253113.0
1021740076,M1,M1,M1,K2,K2,112.0,138 NAGLE AVENUE,1004662.0,253131.0
1021750070,K2,K2,K2,M9,M9,112.0,168 DYCKMAN STREET,1004503.0,253999.0
1021750136,M1,M1,M1,M1,M1,112.0,73 ARDEN STREET,1004187.0,253942.0
1021750149,M3,M3,M3,M3,M3,112.0,91 ARDEN STREET,1004136.0,254054.0
1021760027,M1,M1,M1,M1,M1,112.0,707 WEST 179 STREET,1001422.0,248719.0
1021760030,M1,M1,M1,M1,M1,112.0,715 WEST 179 STREET,1001290.0,248752.0
1021790229,M1,M1,M1,M1,M1,112.0,551 FT WASHINGTON AVENUE,1001489.0,250288.0
1021800001,M1,M1,M1,M1,M1,112.0,729 WEST 181 STREET,1001486.0,249345.0
1021800027,M1,M1,M1,M1,M1,112.0,524 FT WASHINGTON AVENUE,1001619.0,249960.0
1021800135,M1,M1,M1,M1,M1,112.0,89 BENNETT AVENUE,1002224.0,250081.0
1021800172,M1,M1,M1,P5,P5,112.0,90 BENNETT AVENUE,1002051.0,250112.0
1021800309,M1,M1,M1,M1,M1,112.0,4381 BROADWAY,1002481.0,250613.0
1021800460,M1,M1,M1,M1,M1,112.0,164 BENNETT AVENUE,1002354.0,251092.0
1021800466,M3,M3,M3,M3,M3,112.0,178 BENNETT AVENUE,1002403.0,251155.0
1022010001,M1,M1,M1,M1,M1,112.0,3815 10 AVENUE,1006435.0,253611.0
1022010029,M1,M1,M1,W3,W3,112.0,411 WEST 204 STREET,1006608.0,253451.0
1022010040,M3,M3,M3,M3,M3,112.0,439 WEST 204 STREET,1006467.0,253529.0
1022020025,M1,M1,M1,M1,M1,112.0,401 WEST 205 STREET,1006889.0,253592.0
1022150066,M1,M1,M1,M1,M1,208.0,168 WEST 225 STREET,1008275.0,258272.0
1022150574,M9,M9,M9,M9,M9,208.0,146 WEST 228 STREET,1009395.0,258772.0
1022150578,M3,M3,M3,M3,M3,208.0,144 WEST 228 STREET,1009435.0,258751.0
1022150603,M1,M1,M1,M1,M1,208.0,5233 BROADWAY,1009368.0,258235.0
1022210008,M1,M1,M1,M1,M1,112.0,159 SHERMAN AVENUE,1005597.0,254194.0
1022210009,M1,M1,M1,M1,M1,112.0,161 SHERMAN AVENUE,1005632.0,254211.0
1022260007,M1,M1,M1,M1,M1,112.0,111 VERMILYEA AVENUE,1005928.0,254811.0
1022370018,M1,M1,M1,M1,M1,112.0,21 SEAMAN AVENUE,1004513.0,254994.0
1022420051,M1,M1,M1,M1,M1,112.0,4967 BROADWAY,1006266.0,255705.0
1022430384,M1,B1,B1,B1,B1,112.0,93 PARK TERRACE WEST,1007261.0,257000.0
1022460115,M9,M9,M9,M9,M9,112.0,1815 RIVERSIDE DRIVE,1003814.0,254824.0
